,Prod1,Prod2
2018-01-01 00:00:00,-550.0,0.0
2018-01-01 00:15:00,-549.9,0.0
2018-01-01 00:30:00,-549.8,0.0
2018-01-01 00:45:00,-549.9,0.0
2018-01-01 01:00:00,-550.0,0.0
2018-01-01 01:15:00,-550.0,0.0
2018-01-01 01:30:00,-550.0,0.0
2018-01-01 01:45:00,-550.0,0.0
2018-01-01 02:00:00,-550.0,0.0
2018-01-01 02:15:00,-550.0,0.0
2018-01-01 02:30:00,-550.0,0.0
2018-01-01 02:45:00,-550.0,0.0
2018-01-01 03:00:00,-549.9,0.0
2018-01-01 03:15:00,-550.0,0.0
2018-01-01 03:30:00,-550.0,0.0
2018-01-01 03:45:00,-549.5,0.0
2018-01-01 04:00:00,-548.9,0.0
2018-01-01 04:15:00,-550.0,0.0
2018-01-01 04:30:00,-531.9,0.0
2018-01-01 04:45:00,-519.3,0.0
2018-01-01 05:00:00,-542.1,0.0
2018-01-01 05:15:00,-536.1,0.0
2018-01-01 05:30:00,-549.1,0.0
2018-01-01 05:45:00,-528.6,0.0
2018-01-01 06:00:00,-473.8,0.0
2018-01-01 06:15:00,-517.2,0.0
2018-01-01 06:30:00,-528.7,0.0
2018-01-01 06:45:00,-525.3,0.0
2018-01-01 07:00:00,-547.8,0.0
2018-01-01 07:15:00,-548.9,0.0
2018-01-01 07:30:00,-541.8,0.0
2018-01-01 07:45:00,-502.5,0.0
2018-01-01 08:00:00,-477.3,0.0
2018-01-01 08:15:00,-496.0,0.0
2018-01-01 08:30:00,-504.4,0.0
2018-01-01 08:45:00,-500.2,0.0
2018-01-01 09:00:00,-454.0,0.0
2018-01-01 09:15:00,-537.5,0.0
2018-01-01 09:30:00,-543.2,0.0
2018-01-01 09:45:00,-546.8,-1.11
2018-01-01 10:00:00,-530.7,-1.0
2018-01-01 10:15:00,-508.9,-1.44
2018-01-01 10:30:00,-493.3,-1.89
2018-01-01 10:45:00,-483.8,-3.22
2018-01-01 11:00:00,-507.2,-5.89
2018-01-01 11:15:00,-451.6,-6.11
2018-01-01 11:30:00,-309.6,-10.22
2018-01-01 11:45:00,-264.5,-12.44
2018-01-01 12:00:00,-449.7,-9.44
2018-01-01 12:15:00,-466.5,-11.56
2018-01-01 12:30:00,-499.6,-12.44
2018-01-01 12:45:00,-491.9,-16.89
2018-01-01 13:00:00,-470.3,-19.11
2018-01-01 13:15:00,-499.0,-18.22
2018-01-01 13:30:00,-470.4,-13.22
2018-01-01 13:45:00,-435.3,-10.11
2018-01-01 14:00:00,-272.8,-7.67
2018-01-01 14:15:00,-141.8,-5.44
2018-01-01 14:30:00,-144.0,-5.44
2018-01-01 14:45:00,-86.8,-3.78
2018-01-01 15:00:00,-56.0,-3.89
2018-01-01 15:15:00,-48.8,-3.33
2018-01-01 15:30:00,-133.8,-0.44
2018-01-01 15:45:00,-343.3,-0.78
2018-01-01 16:00:00,-545.0,-0.33
2018-01-01 16:15:00,-544.4,-0.56
2018-01-01 16:30:00,-544.3,-0.56
2018-01-01 16:45:00,-517.5,0.0
2018-01-01 17:00:00,-504.5,0.0
2018-01-01 17:15:00,-393.7,0.0
2018-01-01 17:30:00,-313.4,0.0
2018-01-01 17:45:00,-352.1,0.0
2018-01-01 18:00:00,-368.9,0.0
2018-01-01 18:15:00,-387.7,0.0
2018-01-01 18:30:00,-502.3,0.0
2018-01-01 18:45:00,-484.1,0.0
2018-01-01 19:00:00,-450.5,0.0
2018-01-01 19:15:00,-419.4,0.0
2018-01-01 19:30:00,-445.2,0.0
2018-01-01 19:45:00,-495.4,0.0
2018-01-01 20:00:00,-528.0,0.0
2018-01-01 20:15:00,-539.1,0.0
2018-01-01 20:30:00,-549.7,0.0
2018-01-01 20:45:00,-549.4,0.0
2018-01-01 21:00:00,-549.4,0.0
2018-01-01 21:15:00,-548.6,0.0
2018-01-01 21:30:00,-549.7,0.0
2018-01-01 21:45:00,-543.6,0.0
2018-01-01 22:00:00,-549.2,0.0
2018-01-01 22:15:00,-547.1,0.0
2018-01-01 22:30:00,-545.8,0.0
2018-01-01 22:45:00,-546.3,0.0
2018-01-01 23:00:00,-547.2,0.0
2018-01-01 23:15:00,-550.0,0.0
2018-01-01 23:30:00,-549.9,0.0
2018-01-01 23:45:00,-549.2,0.0
2018-01-02 00:00:00,-550.0,0.0
2018-01-02 00:15:00,-550.0,0.0
2018-01-02 00:30:00,-549.1,0.0
2018-01-02 00:45:00,-549.7,0.0
2018-01-02 01:00:00,-548.9,0.0
2018-01-02 01:15:00,-547.4,0.0
2018-01-02 01:30:00,-305.7,0.0
2018-01-02 01:45:00,0.0,0.0
2018-01-02 02:00:00,0.0,0.0
2018-01-02 02:15:00,0.0,0.0
2018-01-02 02:30:00,0.0,0.0
2018-01-02 02:45:00,0.0,0.0
2018-01-02 03:00:00,0.0,0.0
2018-01-02 03:15:00,0.0,0.0
2018-01-02 03:30:00,-111.6,0.0
2018-01-02 03:45:00,-399.3,0.0
2018-01-02 04:00:00,-422.9,0.0
2018-01-02 04:15:00,-301.4,0.0
2018-01-02 04:30:00,-263.7,0.0
2018-01-02 04:45:00,-274.8,0.0
2018-01-02 05:00:00,-310.4,0.0
2018-01-02 05:15:00,-319.4,0.0
2018-01-02 05:30:00,-352.2,0.0
2018-01-02 05:45:00,-314.8,0.0
2018-01-02 06:00:00,-308.0,0.0
2018-01-02 06:15:00,-283.1,0.0
2018-01-02 06:30:00,-221.4,0.0
2018-01-02 06:45:00,-216.2,0.0
2018-01-02 07:00:00,-191.8,0.0
2018-01-02 07:15:00,-151.0,0.0
2018-01-02 07:30:00,-224.1,0.0
2018-01-02 07:45:00,-276.9,0.0
2018-01-02 08:00:00,-337.9,0.0
2018-01-02 08:15:00,-325.0,0.0
2018-01-02 08:30:00,-302.5,0.0
2018-01-02 08:45:00,-307.2,0.0
2018-01-02 09:00:00,-316.9,0.0
2018-01-02 09:15:00,-333.3,0.0
2018-01-02 09:30:00,-315.7,-1.22
2018-01-02 09:45:00,-303.2,-3.22
2018-01-02 10:00:00,-378.5,-2.56
2018-01-02 10:15:00,-296.8,-6.0
2018-01-02 10:30:00,-323.5,-9.78
2018-01-02 10:45:00,-319.0,-13.33
2018-01-02 11:00:00,-283.1,-13.44
2018-01-02 11:15:00,-331.4,-9.89
2018-01-02 11:30:00,-330.8,-58.22
2018-01-02 11:45:00,-378.6,-37.0
2018-01-02 12:00:00,-372.4,-26.0
2018-01-02 12:15:00,-412.7,-34.56
2018-01-02 12:30:00,-427.6,-25.44
2018-01-02 12:45:00,-424.0,-20.0
2018-01-02 13:00:00,-320.2,-32.44
2018-01-02 13:15:00,-356.5,-44.67
2018-01-02 13:30:00,-431.5,-46.0
2018-01-02 13:45:00,-456.5,-11.0
2018-01-02 14:00:00,-464.3,-4.22
2018-01-02 14:15:00,-467.4,-11.22
2018-01-02 14:30:00,-511.4,-21.89
2018-01-02 14:45:00,-544.1,-51.44
2018-01-02 15:00:00,-547.6,-19.0
2018-01-02 15:15:00,-549.4,-11.33
2018-01-02 15:30:00,-549.9,-10.56
2018-01-02 15:45:00,-549.8,-8.67
2018-01-02 16:00:00,-550.0,-6.0
2018-01-02 16:15:00,-550.0,-5.56
2018-01-02 16:30:00,-550.0,-1.11
2018-01-02 16:45:00,-549.9,0.0
2018-01-02 17:00:00,-546.1,0.0
2018-01-02 17:15:00,-550.0,0.0
2018-01-02 17:30:00,-547.4,0.0
2018-01-02 17:45:00,-541.0,0.0
2018-01-02 18:00:00,-525.3,0.0
2018-01-02 18:15:00,-543.2,0.0
2018-01-02 18:30:00,-524.7,0.0
2018-01-02 18:45:00,-522.5,0.0
2018-01-02 19:00:00,-540.8,0.0
2018-01-02 19:15:00,-495.3,0.0
2018-01-02 19:30:00,-504.4,0.0
2018-01-02 19:45:00,-532.5,0.0
2018-01-02 20:00:00,-544.2,0.0
2018-01-02 20:15:00,-545.1,0.0
2018-01-02 20:30:00,-549.8,0.0
2018-01-02 20:45:00,-547.2,0.0
2018-01-02 21:00:00,-547.1,0.0
2018-01-02 21:15:00,-550.0,0.0
2018-01-02 21:30:00,-549.9,0.0
2018-01-02 21:45:00,-549.9,0.0
2018-01-02 22:00:00,-550.0,0.0
2018-01-02 22:15:00,-550.0,0.0
2018-01-02 22:30:00,-550.0,0.0
2018-01-02 22:45:00,-549.9,0.0
2018-01-02 23:00:00,-550.0,0.0
2018-01-02 23:15:00,-550.0,0.0
2018-01-02 23:30:00,-549.9,0.0
2018-01-02 23:45:00,-549.8,0.0
2018-01-03 00:00:00,-549.8,0.0
2018-01-03 00:15:00,-549.8,0.0
2018-01-03 00:30:00,-549.9,0.0
2018-01-03 00:45:00,-549.9,0.0
2018-01-03 01:00:00,-549.8,0.0
2018-01-03 01:15:00,-549.7,0.0
2018-01-03 01:30:00,-548.0,0.0
2018-01-03 01:45:00,-548.9,0.0
2018-01-03 02:00:00,-549.7,0.0
2018-01-03 02:15:00,-549.8,0.0
2018-01-03 02:30:00,-549.9,0.0
2018-01-03 02:45:00,-549.9,0.0
2018-01-03 03:00:00,-549.9,0.0
2018-01-03 03:15:00,-549.7,0.0
2018-01-03 03:30:00,-549.7,0.0
2018-01-03 03:45:00,-549.7,0.0
2018-01-03 04:00:00,-549.9,0.0
2018-01-03 04:15:00,-549.8,0.0
2018-01-03 04:30:00,-549.9,0.0
2018-01-03 04:45:00,-549.9,0.0
2018-01-03 05:00:00,-549.5,0.0
2018-01-03 05:15:00,-549.6,0.0
2018-01-03 05:30:00,-539.5,0.0
2018-01-03 05:45:00,-548.8,0.0
2018-01-03 06:00:00,-549.8,0.0
2018-01-03 06:15:00,-549.6,0.0
2018-01-03 06:30:00,-549.8,0.0
2018-01-03 06:45:00,-549.9,0.0
2018-01-03 07:00:00,-549.9,0.0
2018-01-03 07:15:00,-549.7,0.0
2018-01-03 07:30:00,-549.7,0.0
2018-01-03 07:45:00,-549.9,0.0
2018-01-03 08:00:00,-549.9,0.0
2018-01-03 08:15:00,-549.7,0.0
2018-01-03 08:30:00,-549.8,0.0
2018-01-03 08:45:00,-549.7,0.0
2018-01-03 09:00:00,-549.6,0.0
2018-01-03 09:15:00,-549.6,-1.44
2018-01-03 09:30:00,-549.8,-4.67
2018-01-03 09:45:00,-549.7,-7.78
2018-01-03 10:00:00,-548.9,-8.0
2018-01-03 10:15:00,-549.7,-10.44
2018-01-03 10:30:00,-549.7,-11.33
2018-01-03 10:45:00,-549.7,-16.67
2018-01-03 11:00:00,-549.8,-17.22
2018-01-03 11:15:00,-549.9,-22.44
2018-01-03 11:30:00,-549.7,-16.67
2018-01-03 11:45:00,-549.9,-26.22
2018-01-03 12:00:00,-549.8,-35.22
2018-01-03 12:15:00,-549.9,-58.11
2018-01-03 12:30:00,-549.8,-56.33
2018-01-03 12:45:00,-549.9,-115.33
2018-01-03 13:00:00,-549.9,-95.89
2018-01-03 13:15:00,-549.9,-46.78
2018-01-03 13:30:00,-549.8,-30.44
2018-01-03 13:45:00,-549.9,-39.44
2018-01-03 14:00:00,-549.9,-34.67
2018-01-03 14:15:00,-549.9,-58.56
2018-01-03 14:30:00,-549.9,-74.67
2018-01-03 14:45:00,-549.9,-64.11
2018-01-03 15:00:00,-549.8,-10.67
2018-01-03 15:15:00,-550.0,-0.89
2018-01-03 15:30:00,-549.9,-5.33
2018-01-03 15:45:00,-550.0,-4.67
2018-01-03 16:00:00,-550.0,-6.67
2018-01-03 16:15:00,-549.9,-4.44
2018-01-03 16:30:00,-550.0,-2.89
2018-01-03 16:45:00,-549.9,-0.56
2018-01-03 17:00:00,-549.8,0.0
2018-01-03 17:15:00,-549.9,0.0
2018-01-03 17:30:00,-550.0,0.0
2018-01-03 17:45:00,-550.0,0.0
2018-01-03 18:00:00,-549.9,0.0
2018-01-03 18:15:00,-550.0,0.0
2018-01-03 18:30:00,-549.8,0.0
2018-01-03 18:45:00,-550.0,0.0
2018-01-03 19:00:00,-550.0,0.0
2018-01-03 19:15:00,-550.0,0.0
2018-01-03 19:30:00,-549.9,0.0
2018-01-03 19:45:00,-550.0,0.0
2018-01-03 20:00:00,-546.8,0.0
2018-01-03 20:15:00,-547.6,0.0
2018-01-03 20:30:00,-549.7,0.0
2018-01-03 20:45:00,-549.8,0.0
2018-01-03 21:00:00,-550.0,0.0
2018-01-03 21:15:00,-550.0,0.0
2018-01-03 21:30:00,-547.2,0.0
2018-01-03 21:45:00,-548.3,0.0
2018-01-03 22:00:00,-536.5,0.0
2018-01-03 22:15:00,-528.1,0.0
2018-01-03 22:30:00,-531.9,0.0
2018-01-03 22:45:00,-513.6,0.0
2018-01-03 23:00:00,-485.5,0.0
2018-01-03 23:15:00,-464.2,0.0
2018-01-03 23:30:00,-303.4,0.0
2018-01-03 23:45:00,-368.0,0.0
2018-01-04 00:00:00,-486.4,0.0
2018-01-04 00:15:00,-506.6,0.0
2018-01-04 00:30:00,-539.2,0.0
2018-01-04 00:45:00,-476.4,0.0
2018-01-04 01:00:00,-454.4,0.0
2018-01-04 01:15:00,-444.8,0.0
2018-01-04 01:30:00,-245.9,0.0
2018-01-04 01:45:00,-181.7,0.0
2018-01-04 02:00:00,-249.1,0.0
2018-01-04 02:15:00,-298.4,0.0
2018-01-04 02:30:00,-308.1,0.0
2018-01-04 02:45:00,-330.2,0.0
2018-01-04 03:00:00,-274.1,0.0
2018-01-04 03:15:00,-250.7,0.0
2018-01-04 03:30:00,-224.4,0.0
2018-01-04 03:45:00,-313.0,0.0
2018-01-04 04:00:00,-315.9,0.0
2018-01-04 04:15:00,-284.6,0.0
2018-01-04 04:30:00,-208.1,0.0
2018-01-04 04:45:00,-240.6,0.0
2018-01-04 05:00:00,-221.5,0.0
2018-01-04 05:15:00,-207.7,0.0
2018-01-04 05:30:00,-308.6,0.0
2018-01-04 05:45:00,-323.1,0.0
2018-01-04 06:00:00,-269.7,0.0
2018-01-04 06:15:00,-194.7,0.0
2018-01-04 06:30:00,-261.6,0.0
2018-01-04 06:45:00,-275.3,0.0
2018-01-04 07:00:00,-293.4,0.0
2018-01-04 07:15:00,-310.1,0.0
2018-01-04 07:30:00,-324.8,0.0
2018-01-04 07:45:00,-340.2,0.0
2018-01-04 08:00:00,-254.7,0.0
2018-01-04 08:15:00,-241.2,0.0
2018-01-04 08:30:00,-341.3,0.0
2018-01-04 08:45:00,-349.8,0.0
2018-01-04 09:00:00,-410.2,0.0
2018-01-04 09:15:00,-449.4,-0.78
2018-01-04 09:30:00,-511.8,-2.78
2018-01-04 09:45:00,-549.3,-5.56
2018-01-04 10:00:00,-550.0,-8.44
2018-01-04 10:15:00,-550.0,-10.44
2018-01-04 10:30:00,-549.9,-11.33
2018-01-04 10:45:00,-549.9,-14.44
2018-01-04 11:00:00,-550.0,-15.11
2018-01-04 11:15:00,-549.9,-17.78
2018-01-04 11:30:00,-549.9,-21.44
2018-01-04 11:45:00,-549.0,-21.56
2018-01-04 12:00:00,-549.9,-18.89
2018-01-04 12:15:00,-549.9,-28.11
2018-01-04 12:30:00,-549.9,-24.89
2018-01-04 12:45:00,-549.7,-16.22
2018-01-04 13:00:00,-549.8,-13.33
2018-01-04 13:15:00,-549.8,-8.33
2018-01-04 13:30:00,-549.7,-6.44
2018-01-04 13:45:00,-549.7,-4.89
2018-01-04 14:00:00,-549.9,-4.33
2018-01-04 14:15:00,-549.8,-4.11
2018-01-04 14:30:00,-549.8,-3.56
2018-01-04 14:45:00,-549.8,-4.33
2018-01-04 15:00:00,-549.8,-4.44
2018-01-04 15:15:00,-549.8,-3.22
2018-01-04 15:30:00,-549.9,-3.11
2018-01-04 15:45:00,-549.8,-1.56
2018-01-04 16:00:00,-549.4,-0.67
2018-01-04 16:15:00,-549.7,-0.22
2018-01-04 16:30:00,-549.9,0.0
2018-01-04 16:45:00,-549.8,0.0
2018-01-04 17:00:00,-549.1,0.0
2018-01-04 17:15:00,-549.2,0.0
2018-01-04 17:30:00,-549.7,0.0
2018-01-04 17:45:00,-549.9,0.0
2018-01-04 18:00:00,-550.0,0.0
2018-01-04 18:15:00,-550.0,0.0
2018-01-04 18:30:00,-549.9,0.0
2018-01-04 18:45:00,-549.9,0.0
2018-01-04 19:00:00,-550.0,0.0
2018-01-04 19:15:00,-550.0,0.0
2018-01-04 19:30:00,-549.3,0.0
2018-01-04 19:45:00,-549.5,0.0
2018-01-04 20:00:00,-546.3,0.0
2018-01-04 20:15:00,-526.8,0.0
2018-01-04 20:30:00,-537.9,0.0
2018-01-04 20:45:00,-507.3,0.0
2018-01-04 21:00:00,-441.7,0.0
2018-01-04 21:15:00,-501.3,0.0
2018-01-04 21:30:00,-525.8,0.0
2018-01-04 21:45:00,-451.9,0.0
2018-01-04 22:00:00,-438.8,0.0
2018-01-04 22:15:00,-415.7,0.0
2018-01-04 22:30:00,-458.2,0.0
2018-01-04 22:45:00,-476.5,0.0
2018-01-04 23:00:00,-533.1,0.0
2018-01-04 23:15:00,-548.4,0.0
2018-01-04 23:30:00,-533.4,0.0
2018-01-04 23:45:00,-319.9,0.0
2018-01-05 00:00:00,-410.4,0.0
2018-01-05 00:15:00,-545.2,0.0
2018-01-05 00:30:00,-547.4,0.0
2018-01-05 00:45:00,-543.8,0.0
2018-01-05 01:00:00,-518.5,0.0
2018-01-05 01:15:00,-523.8,0.0
2018-01-05 01:30:00,-549.7,0.0
2018-01-05 01:45:00,-548.7,0.0
2018-01-05 02:00:00,-548.3,0.0
2018-01-05 02:15:00,-549.2,0.0
2018-01-05 02:30:00,-549.4,0.0
2018-01-05 02:45:00,-550.0,0.0
2018-01-05 03:00:00,-544.0,0.0
2018-01-05 03:15:00,-524.0,0.0
2018-01-05 03:30:00,-490.9,0.0
2018-01-05 03:45:00,-446.6,0.0
2018-01-05 04:00:00,-397.4,0.0
2018-01-05 04:15:00,-399.3,0.0
2018-01-05 04:30:00,-354.2,0.0
2018-01-05 04:45:00,-321.4,0.0
2018-01-05 05:00:00,-451.2,0.0
2018-01-05 05:15:00,-485.1,0.0
2018-01-05 05:30:00,-461.8,0.0
2018-01-05 05:45:00,-460.7,0.0
2018-01-05 06:00:00,-448.9,0.0
2018-01-05 06:15:00,-322.8,0.0
2018-01-05 06:30:00,-363.4,0.0
2018-01-05 06:45:00,-388.0,0.0
2018-01-05 07:00:00,-363.7,0.0
2018-01-05 07:15:00,-255.8,0.0
2018-01-05 07:30:00,-267.5,0.0
2018-01-05 07:45:00,-206.8,0.0
2018-01-05 08:00:00,-196.5,0.0
2018-01-05 08:15:00,-253.7,0.0
2018-01-05 08:30:00,-231.7,0.0
2018-01-05 08:45:00,-304.4,0.0
2018-01-05 09:00:00,-364.7,0.0
2018-01-05 09:15:00,-433.4,0.0
2018-01-05 09:30:00,-484.7,0.0
2018-01-05 09:45:00,-466.8,-0.67
2018-01-05 10:00:00,-346.1,-3.22
2018-01-05 10:15:00,-251.3,-6.33
2018-01-05 10:30:00,-349.6,-3.78
2018-01-05 10:45:00,-385.7,-2.78
2018-01-05 11:00:00,-460.5,-4.22
2018-01-05 11:15:00,-472.1,-5.0
2018-01-05 11:30:00,-440.6,-3.56
2018-01-05 11:45:00,-449.5,-2.67
2018-01-05 12:00:00,-480.3,-2.11
2018-01-05 12:15:00,-316.6,-2.89
2018-01-05 12:30:00,0.0,-2.33
2018-01-05 12:45:00,0.0,-3.22
2018-01-05 13:00:00,0.0,-3.11
2018-01-05 13:15:00,0.0,-2.78
2018-01-05 13:30:00,0.0,-3.33
2018-01-05 13:45:00,0.0,-2.67
2018-01-05 14:00:00,0.0,-2.44
2018-01-05 14:15:00,0.0,-2.44
2018-01-05 14:30:00,0.0,-1.89
2018-01-05 14:45:00,0.0,-1.44
2018-01-05 15:00:00,0.0,-0.78
2018-01-05 15:15:00,0.0,-0.44
2018-01-05 15:30:00,0.0,-1.0
2018-01-05 15:45:00,0.0,-0.44
2018-01-05 16:00:00,0.0,-0.33
2018-01-05 16:15:00,0.0,0.0
2018-01-05 16:30:00,0.0,0.0
2018-01-05 16:45:00,0.0,0.0
2018-01-05 17:00:00,0.0,0.0
2018-01-05 17:15:00,0.0,0.0
2018-01-05 17:30:00,0.0,0.0
2018-01-05 17:45:00,0.0,0.0
2018-01-05 18:00:00,0.0,0.0
2018-01-05 18:15:00,0.0,0.0
2018-01-05 18:30:00,0.0,0.0
2018-01-05 18:45:00,0.0,0.0
2018-01-05 19:00:00,0.0,0.0
2018-01-05 19:15:00,0.0,0.0
2018-01-05 19:30:00,0.0,0.0
2018-01-05 19:45:00,0.0,0.0
2018-01-05 20:00:00,0.0,0.0
2018-01-05 20:15:00,0.0,0.0
2018-01-05 20:30:00,0.0,0.0
2018-01-05 20:45:00,0.0,0.0
2018-01-05 21:00:00,0.0,0.0
2018-01-05 21:15:00,0.0,0.0
2018-01-05 21:30:00,0.0,0.0
2018-01-05 21:45:00,0.0,0.0
2018-01-05 22:00:00,0.0,0.0
2018-01-05 22:15:00,0.0,0.0
2018-01-05 22:30:00,0.0,0.0
2018-01-05 22:45:00,0.0,0.0
2018-01-05 23:00:00,0.0,0.0
2018-01-05 23:15:00,0.0,0.0
2018-01-05 23:30:00,0.0,0.0
2018-01-05 23:45:00,0.0,0.0
2018-01-06 00:00:00,0.0,0.0
2018-01-06 00:15:00,0.0,0.0
2018-01-06 00:30:00,0.0,0.0
2018-01-06 00:45:00,0.0,0.0
2018-01-06 01:00:00,0.0,0.0
2018-01-06 01:15:00,0.0,0.0
2018-01-06 01:30:00,0.0,0.0
2018-01-06 01:45:00,0.0,0.0
2018-01-06 02:00:00,0.0,0.0
2018-01-06 02:15:00,0.0,0.0
2018-01-06 02:30:00,0.0,0.0
2018-01-06 02:45:00,0.0,0.0
2018-01-06 03:00:00,0.0,0.0
2018-01-06 03:15:00,0.0,0.0
2018-01-06 03:30:00,0.0,0.0
2018-01-06 03:45:00,0.0,0.0
2018-01-06 04:00:00,0.0,0.0
2018-01-06 04:15:00,0.0,0.0
2018-01-06 04:30:00,0.0,0.0
2018-01-06 04:45:00,0.0,0.0
2018-01-06 05:00:00,0.0,0.0
2018-01-06 05:15:00,0.0,0.0
2018-01-06 05:30:00,0.0,0.0
2018-01-06 05:45:00,0.0,0.0
2018-01-06 06:00:00,0.0,0.0
2018-01-06 06:15:00,0.0,0.0
2018-01-06 06:30:00,0.0,0.0
2018-01-06 06:45:00,0.0,0.0
2018-01-06 07:00:00,0.0,0.0
2018-01-06 07:15:00,0.0,0.0
2018-01-06 07:30:00,0.0,0.0
2018-01-06 07:45:00,0.0,0.0
2018-01-06 08:00:00,0.0,0.0
2018-01-06 08:15:00,0.0,0.0
2018-01-06 08:30:00,0.0,0.0
2018-01-06 08:45:00,0.0,0.0
2018-01-06 09:00:00,0.0,0.0
2018-01-06 09:15:00,0.0,0.0
2018-01-06 09:30:00,0.0,0.0
2018-01-06 09:45:00,0.0,-0.11
2018-01-06 10:00:00,0.0,-0.67
2018-01-06 10:15:00,0.0,-0.78
2018-01-06 10:30:00,0.0,-1.11
2018-01-06 10:45:00,0.0,-0.78
2018-01-06 11:00:00,0.0,-0.89
2018-01-06 11:15:00,0.0,-0.33
2018-01-06 11:30:00,0.0,-1.11
2018-01-06 11:45:00,0.0,-2.0
2018-01-06 12:00:00,0.0,-3.56
2018-01-06 12:15:00,0.0,-4.33
2018-01-06 12:30:00,0.0,-5.11
2018-01-06 12:45:00,0.0,-4.67
2018-01-06 13:00:00,0.0,-4.44
2018-01-06 13:15:00,0.0,-4.11
2018-01-06 13:30:00,0.0,-4.22
2018-01-06 13:45:00,0.0,-3.67
2018-01-06 14:00:00,0.0,-3.78
2018-01-06 14:15:00,0.0,-4.33
2018-01-06 14:30:00,0.0,-4.11
2018-01-06 14:45:00,0.0,-5.44
2018-01-06 15:00:00,0.0,-3.22
2018-01-06 15:15:00,0.0,-4.11
2018-01-06 15:30:00,0.0,-2.56
2018-01-06 15:45:00,0.0,-1.67
2018-01-06 16:00:00,0.0,-1.0
2018-01-06 16:15:00,0.0,-0.44
2018-01-06 16:30:00,0.0,-0.11
2018-01-06 16:45:00,0.0,0.0
2018-01-06 17:00:00,0.0,0.0
2018-01-06 17:15:00,0.0,0.0
2018-01-06 17:30:00,0.0,0.0
2018-01-06 17:45:00,0.0,0.0
2018-01-06 18:00:00,0.0,0.0
2018-01-06 18:15:00,0.0,0.0
2018-01-06 18:30:00,0.0,0.0
2018-01-06 18:45:00,0.0,0.0
2018-01-06 19:00:00,0.0,0.0
2018-01-06 19:15:00,0.0,0.0
2018-01-06 19:30:00,0.0,0.0
2018-01-06 19:45:00,0.0,0.0
2018-01-06 20:00:00,0.0,0.0
2018-01-06 20:15:00,0.0,0.0
2018-01-06 20:30:00,0.0,0.0
2018-01-06 20:45:00,0.0,0.0
2018-01-06 21:00:00,0.0,0.0
2018-01-06 21:15:00,0.0,0.0
2018-01-06 21:30:00,0.0,0.0
2018-01-06 21:45:00,0.0,0.0
2018-01-06 22:00:00,0.0,0.0
2018-01-06 22:15:00,0.0,0.0
2018-01-06 22:30:00,0.0,0.0
2018-01-06 22:45:00,0.0,0.0
2018-01-06 23:00:00,0.0,0.0
2018-01-06 23:15:00,0.0,0.0
2018-01-06 23:30:00,0.0,0.0
2018-01-06 23:45:00,0.0,0.0
2018-01-07 00:00:00,0.0,0.0
2018-01-07 00:15:00,0.0,0.0
2018-01-07 00:30:00,0.0,0.0
2018-01-07 00:45:00,0.0,0.0
2018-01-07 01:00:00,0.0,0.0
2018-01-07 01:15:00,0.0,0.0
2018-01-07 01:30:00,0.0,0.0
2018-01-07 01:45:00,0.0,0.0
2018-01-07 02:00:00,0.0,0.0
2018-01-07 02:15:00,0.0,0.0
2018-01-07 02:30:00,0.0,0.0
2018-01-07 02:45:00,0.0,0.0
2018-01-07 03:00:00,0.0,0.0
2018-01-07 03:15:00,0.0,0.0
2018-01-07 03:30:00,0.0,0.0
2018-01-07 03:45:00,0.0,0.0
2018-01-07 04:00:00,0.0,0.0
2018-01-07 04:15:00,0.0,0.0
2018-01-07 04:30:00,0.0,0.0
2018-01-07 04:45:00,0.0,0.0
2018-01-07 05:00:00,0.0,0.0
2018-01-07 05:15:00,0.0,0.0
2018-01-07 05:30:00,0.0,0.0
2018-01-07 05:45:00,0.0,0.0
2018-01-07 06:00:00,0.0,0.0
2018-01-07 06:15:00,0.0,0.0
2018-01-07 06:30:00,0.0,0.0
2018-01-07 06:45:00,0.0,0.0
2018-01-07 07:00:00,0.0,0.0
2018-01-07 07:15:00,0.0,0.0
2018-01-07 07:30:00,0.0,0.0
2018-01-07 07:45:00,0.0,0.0
2018-01-07 08:00:00,0.0,0.0
2018-01-07 08:15:00,0.0,0.0
2018-01-07 08:30:00,0.0,0.0
2018-01-07 08:45:00,0.0,0.0
2018-01-07 09:00:00,0.0,0.0
2018-01-07 09:15:00,0.0,-0.33
2018-01-07 09:30:00,0.0,-0.78
2018-01-07 09:45:00,0.0,-1.22
2018-01-07 10:00:00,0.0,-2.22
2018-01-07 10:15:00,0.0,-3.11
2018-01-07 10:30:00,0.0,-10.56
2018-01-07 10:45:00,0.0,-13.33
2018-01-07 11:00:00,0.0,-7.22
2018-01-07 11:15:00,0.0,-6.78
2018-01-07 11:30:00,0.0,-5.78
2018-01-07 11:45:00,0.0,-10.11
2018-01-07 12:00:00,0.0,-8.44
2018-01-07 12:15:00,0.0,-6.89
2018-01-07 12:30:00,0.0,-8.44
2018-01-07 12:45:00,0.0,-7.89
2018-01-07 13:00:00,0.0,-8.67
2018-01-07 13:15:00,0.0,-12.0
2018-01-07 13:30:00,0.0,-14.33
2018-01-07 13:45:00,0.0,-9.89
2018-01-07 14:00:00,0.0,-15.11
2018-01-07 14:15:00,0.0,-14.33
2018-01-07 14:30:00,0.0,-8.11
2018-01-07 14:45:00,0.0,-6.0
2018-01-07 15:00:00,0.0,-0.78
2018-01-07 15:15:00,0.0,-4.33
2018-01-07 15:30:00,0.0,-6.67
2018-01-07 15:45:00,0.0,-0.22
2018-01-07 16:00:00,0.0,0.0
2018-01-07 16:15:00,0.0,0.0
2018-01-07 16:30:00,0.0,-0.22
2018-01-07 16:45:00,0.0,-0.11
2018-01-07 17:00:00,0.0,0.0
2018-01-07 17:15:00,0.0,0.0
2018-01-07 17:30:00,0.0,0.0
2018-01-07 17:45:00,0.0,0.0
2018-01-07 18:00:00,0.0,0.0
2018-01-07 18:15:00,0.0,0.0
2018-01-07 18:30:00,0.0,0.0
2018-01-07 18:45:00,0.0,0.0
2018-01-07 19:00:00,0.0,0.0
2018-01-07 19:15:00,0.0,0.0
2018-01-07 19:30:00,0.0,0.0
2018-01-07 19:45:00,0.0,0.0
2018-01-07 20:00:00,0.0,0.0
2018-01-07 20:15:00,0.0,0.0
2018-01-07 20:30:00,0.0,0.0
2018-01-07 20:45:00,0.0,0.0
2018-01-07 21:00:00,0.0,0.0
2018-01-07 21:15:00,0.0,0.0
2018-01-07 21:30:00,0.0,0.0
2018-01-07 21:45:00,0.0,0.0
2018-01-07 22:00:00,0.0,0.0
2018-01-07 22:15:00,0.0,0.0
2018-01-07 22:30:00,0.0,0.0
2018-01-07 22:45:00,0.0,0.0
2018-01-07 23:00:00,0.0,0.0
2018-01-07 23:15:00,0.0,0.0
2018-01-07 23:30:00,0.0,0.0
2018-01-07 23:45:00,0.0,0.0
2018-01-08 00:00:00,0.0,0.0
2018-01-08 00:15:00,0.0,0.0
2018-01-08 00:30:00,0.0,0.0
2018-01-08 00:45:00,0.0,0.0
2018-01-08 01:00:00,0.0,0.0
2018-01-08 01:15:00,0.0,0.0
2018-01-08 01:30:00,0.0,0.0
2018-01-08 01:45:00,0.0,0.0
2018-01-08 02:00:00,0.0,0.0
2018-01-08 02:15:00,0.0,0.0
2018-01-08 02:30:00,0.0,0.0
2018-01-08 02:45:00,0.0,0.0
2018-01-08 03:00:00,0.0,0.0
2018-01-08 03:15:00,0.0,0.0
2018-01-08 03:30:00,0.0,0.0
2018-01-08 03:45:00,0.0,0.0
2018-01-08 04:00:00,0.0,0.0
2018-01-08 04:15:00,0.0,0.0
2018-01-08 04:30:00,0.0,0.0
2018-01-08 04:45:00,0.0,0.0
2018-01-08 05:00:00,0.0,0.0
2018-01-08 05:15:00,0.0,0.0
2018-01-08 05:30:00,0.0,0.0
2018-01-08 05:45:00,0.0,0.0
2018-01-08 06:00:00,0.0,0.0
2018-01-08 06:15:00,0.0,0.0
2018-01-08 06:30:00,0.0,0.0
2018-01-08 06:45:00,0.0,0.0
2018-01-08 07:00:00,0.0,0.0
2018-01-08 07:15:00,0.0,0.0
2018-01-08 07:30:00,0.0,0.0
2018-01-08 07:45:00,0.0,0.0
2018-01-08 08:00:00,0.0,0.0
2018-01-08 08:15:00,0.0,0.0
2018-01-08 08:30:00,0.0,0.0
2018-01-08 08:45:00,0.0,0.0
2018-01-08 09:00:00,0.0,0.0
2018-01-08 09:15:00,0.0,-0.33
2018-01-08 09:30:00,0.0,-3.0
2018-01-08 09:45:00,0.0,-6.22
2018-01-08 10:00:00,0.0,-36.89
2018-01-08 10:15:00,0.0,-67.56
2018-01-08 10:30:00,0.0,-46.22
2018-01-08 10:45:00,0.0,-102.33
2018-01-08 11:00:00,0.0,-123.56
2018-01-08 11:15:00,0.0,-128.22
2018-01-08 11:30:00,0.0,-129.44
2018-01-08 11:45:00,0.0,-66.0
2018-01-08 12:00:00,0.0,-13.89
2018-01-08 12:15:00,0.0,-50.11
2018-01-08 12:30:00,0.0,-75.0
2018-01-08 12:45:00,0.0,-96.56
2018-01-08 13:00:00,0.0,-24.56
2018-01-08 13:15:00,0.0,-10.22
2018-01-08 13:30:00,0.0,-21.56
2018-01-08 13:45:00,0.0,-89.89
2018-01-08 14:00:00,0.0,-41.11
2018-01-08 14:15:00,0.0,-7.44
2018-01-08 14:30:00,0.0,-9.78
2018-01-08 14:45:00,0.0,-31.33
2018-01-08 15:00:00,0.0,-32.56
2018-01-08 15:15:00,0.0,-20.78
2018-01-08 15:30:00,0.0,-7.78
2018-01-08 15:45:00,0.0,-6.0
2018-01-08 16:00:00,0.0,-11.56
2018-01-08 16:15:00,0.0,-7.78
2018-01-08 16:30:00,0.0,-1.56
2018-01-08 16:45:00,0.0,-0.22
2018-01-08 17:00:00,0.0,0.0
2018-01-08 17:15:00,0.0,0.0
2018-01-08 17:30:00,0.0,0.0
2018-01-08 17:45:00,0.0,0.0
2018-01-08 18:00:00,0.0,0.0
2018-01-08 18:15:00,0.0,0.0
2018-01-08 18:30:00,0.0,0.0
2018-01-08 18:45:00,0.0,0.0
2018-01-08 19:00:00,0.0,0.0
2018-01-08 19:15:00,0.0,0.0
2018-01-08 19:30:00,0.0,0.0
2018-01-08 19:45:00,0.0,0.0
2018-01-08 20:00:00,0.0,0.0
2018-01-08 20:15:00,0.0,0.0
2018-01-08 20:30:00,0.0,0.0
2018-01-08 20:45:00,0.0,0.0
2018-01-08 21:00:00,0.0,0.0
2018-01-08 21:15:00,0.0,0.0
2018-01-08 21:30:00,0.0,0.0
2018-01-08 21:45:00,0.0,0.0
2018-01-08 22:00:00,0.0,0.0
2018-01-08 22:15:00,0.0,0.0
2018-01-08 22:30:00,0.0,0.0
2018-01-08 22:45:00,0.0,0.0
2018-01-08 23:00:00,0.0,0.0
2018-01-08 23:15:00,0.0,0.0
2018-01-08 23:30:00,0.0,0.0
2018-01-08 23:45:00,0.0,0.0
2018-01-09 00:00:00,0.0,0.0
2018-01-09 00:15:00,0.0,0.0
2018-01-09 00:30:00,0.0,0.0
2018-01-09 00:45:00,0.0,0.0
2018-01-09 01:00:00,0.0,0.0
2018-01-09 01:15:00,0.0,0.0
2018-01-09 01:30:00,0.0,0.0
2018-01-09 01:45:00,0.0,0.0
2018-01-09 02:00:00,0.0,0.0
2018-01-09 02:15:00,0.0,0.0
2018-01-09 02:30:00,0.0,0.0
2018-01-09 02:45:00,0.0,0.0
2018-01-09 03:00:00,0.0,0.0
2018-01-09 03:15:00,0.0,0.0
2018-01-09 03:30:00,0.0,0.0
2018-01-09 03:45:00,0.0,0.0
2018-01-09 04:00:00,0.0,0.0
2018-01-09 04:15:00,0.0,0.0
2018-01-09 04:30:00,0.0,0.0
2018-01-09 04:45:00,0.0,0.0
2018-01-09 05:00:00,0.0,0.0
2018-01-09 05:15:00,0.0,0.0
2018-01-09 05:30:00,0.0,0.0
2018-01-09 05:45:00,0.0,0.0
2018-01-09 06:00:00,0.0,0.0
2018-01-09 06:15:00,0.0,0.0
2018-01-09 06:30:00,0.0,0.0
2018-01-09 06:45:00,0.0,0.0
2018-01-09 07:00:00,0.0,0.0
2018-01-09 07:15:00,0.0,0.0
2018-01-09 07:30:00,0.0,0.0
2018-01-09 07:45:00,0.0,0.0
2018-01-09 08:00:00,0.0,0.0
2018-01-09 08:15:00,0.0,0.0
2018-01-09 08:30:00,0.0,0.0
2018-01-09 08:45:00,0.0,0.0
2018-01-09 09:00:00,0.0,0.0
2018-01-09 09:15:00,0.0,0.0
2018-01-09 09:30:00,0.0,-0.56
2018-01-09 09:45:00,0.0,-3.78
2018-01-09 10:00:00,0.0,-9.11
2018-01-09 10:15:00,0.0,-36.56
2018-01-09 10:30:00,-113.5,-61.56
2018-01-09 10:45:00,-156.2,-46.67
2018-01-09 11:00:00,-219.3,-6.0
2018-01-09 11:15:00,-189.2,-52.11
2018-01-09 11:30:00,-110.6,-32.0
2018-01-09 11:45:00,-127.8,-70.33
2018-01-09 12:00:00,-168.7,-110.11
2018-01-09 12:15:00,-224.1,-81.67
2018-01-09 12:30:00,-194.3,-50.78
2018-01-09 12:45:00,-185.5,-132.22
2018-01-09 13:00:00,-204.7,-146.11
2018-01-09 13:15:00,-181.4,-143.89
2018-01-09 13:30:00,-184.0,-136.11
2018-01-09 13:45:00,-139.1,-132.0
2018-01-09 14:00:00,-178.7,-104.89
2018-01-09 14:15:00,-157.9,-105.44
2018-01-09 14:30:00,-150.4,-102.22
2018-01-09 14:45:00,-188.2,-61.11
2018-01-09 15:00:00,-225.3,-45.78
2018-01-09 15:15:00,-229.9,-26.89
2018-01-09 15:30:00,-243.9,-30.56
2018-01-09 15:45:00,-230.2,-41.67
2018-01-09 16:00:00,-274.4,-9.0
2018-01-09 16:15:00,-247.6,-17.22
2018-01-09 16:30:00,-210.1,-4.67
2018-01-09 16:45:00,-161.4,-1.33
2018-01-09 17:00:00,-123.4,-0.33
2018-01-09 17:15:00,-121.5,0.0
2018-01-09 17:30:00,-93.6,0.0
2018-01-09 17:45:00,-82.4,0.0
2018-01-09 18:00:00,-129.5,0.0
2018-01-09 18:15:00,-187.4,0.0
2018-01-09 18:30:00,-158.1,0.0
2018-01-09 18:45:00,-159.2,0.0
2018-01-09 19:00:00,-206.3,0.0
2018-01-09 19:15:00,-178.2,0.0
2018-01-09 19:30:00,-153.3,0.0
2018-01-09 19:45:00,-184.3,0.0
2018-01-09 20:00:00,-261.7,0.0
2018-01-09 20:15:00,-294.4,0.0
2018-01-09 20:30:00,-299.5,0.0
2018-01-09 20:45:00,-264.4,0.0
2018-01-09 21:00:00,-260.3,0.0
2018-01-09 21:15:00,-268.8,0.0
2018-01-09 21:30:00,-276.2,0.0
2018-01-09 21:45:00,-287.4,0.0
2018-01-09 22:00:00,-287.0,0.0
2018-01-09 22:15:00,-270.7,0.0
2018-01-09 22:30:00,-307.3,0.0
2018-01-09 22:45:00,-256.5,0.0
2018-01-09 23:00:00,-258.8,0.0
2018-01-09 23:15:00,-305.0,0.0
2018-01-09 23:30:00,-342.2,0.0
2018-01-09 23:45:00,-359.8,0.0
2018-01-10 00:00:00,-280.1,0.0
2018-01-10 00:15:00,-255.2,0.0
2018-01-10 00:30:00,-237.9,0.0
2018-01-10 00:45:00,-214.3,0.0
2018-01-10 01:00:00,-249.2,0.0
2018-01-10 01:15:00,-272.6,0.0
2018-01-10 01:30:00,-261.2,0.0
2018-01-10 01:45:00,-290.8,0.0
2018-01-10 02:00:00,-325.0,0.0
2018-01-10 02:15:00,-333.9,0.0
2018-01-10 02:30:00,-308.4,0.0
2018-01-10 02:45:00,-312.1,0.0
2018-01-10 03:00:00,-296.5,0.0
2018-01-10 03:15:00,-290.5,0.0
2018-01-10 03:30:00,-317.4,0.0
2018-01-10 03:45:00,-352.7,0.0
2018-01-10 04:00:00,-413.7,0.0
2018-01-10 04:15:00,-387.9,0.0
2018-01-10 04:30:00,-371.0,0.0
2018-01-10 04:45:00,-365.5,0.0
2018-01-10 05:00:00,-346.6,0.0
2018-01-10 05:15:00,-348.0,0.0
2018-01-10 05:30:00,-343.4,0.0
2018-01-10 05:45:00,-344.0,0.0
2018-01-10 06:00:00,-372.7,0.0
2018-01-10 06:15:00,-375.5,0.0
2018-01-10 06:30:00,-325.4,0.0
2018-01-10 06:45:00,-308.6,0.0
2018-01-10 07:00:00,-265.7,0.0
2018-01-10 07:15:00,-262.1,0.0
2018-01-10 07:30:00,-268.1,0.0
2018-01-10 07:45:00,-339.4,0.0
2018-01-10 08:00:00,-367.6,0.0
2018-01-10 08:15:00,-362.6,0.0
2018-01-10 08:30:00,-339.0,0.0
2018-01-10 08:45:00,-309.1,0.0
2018-01-10 09:00:00,-267.1,0.0
2018-01-10 09:15:00,-234.1,0.0
2018-01-10 09:30:00,-203.3,-0.44
2018-01-10 09:45:00,-185.2,-1.56
2018-01-10 10:00:00,-197.7,-4.11
2018-01-10 10:15:00,-201.2,-4.67
2018-01-10 10:30:00,-218.8,-6.0
2018-01-10 10:45:00,-170.6,-6.22
2018-01-10 11:00:00,-143.0,-6.67
2018-01-10 11:15:00,-160.2,-7.33
2018-01-10 11:30:00,-149.9,-7.44
2018-01-10 11:45:00,-159.0,-8.67
2018-01-10 12:00:00,-145.3,-10.0
2018-01-10 12:15:00,-134.6,-11.89
2018-01-10 12:30:00,-86.0,-14.11
2018-01-10 12:45:00,-80.5,-13.11
2018-01-10 13:00:00,-92.4,-14.0
2018-01-10 13:15:00,-78.9,-14.67
2018-01-10 13:30:00,-59.7,-14.78
2018-01-10 13:45:00,-63.8,-12.44
2018-01-10 14:00:00,-89.2,-10.56
2018-01-10 14:15:00,-68.3,-7.44
2018-01-10 14:30:00,-88.9,-6.33
2018-01-10 14:45:00,-128.3,-6.56
2018-01-10 15:00:00,-107.5,-4.44
2018-01-10 15:15:00,-124.9,-5.44
2018-01-10 15:30:00,-149.6,-3.56
2018-01-10 15:45:00,-157.5,-3.89
2018-01-10 16:00:00,-168.9,-2.78
2018-01-10 16:15:00,-156.2,-2.0
2018-01-10 16:30:00,-135.3,-0.44
2018-01-10 16:45:00,-169.6,-0.33
2018-01-10 17:00:00,-194.4,0.0
2018-01-10 17:15:00,-196.2,0.0
2018-01-10 17:30:00,-147.8,0.0
2018-01-10 17:45:00,-141.3,0.0
2018-01-10 18:00:00,-157.8,0.0
2018-01-10 18:15:00,-135.9,0.0
2018-01-10 18:30:00,-115.9,0.0
2018-01-10 18:45:00,-114.0,0.0
2018-01-10 19:00:00,-162.4,0.0
2018-01-10 19:15:00,-222.3,0.0
2018-01-10 19:30:00,-222.1,0.0
2018-01-10 19:45:00,-156.7,0.0
2018-01-10 20:00:00,-147.5,0.0
2018-01-10 20:15:00,-145.1,0.0
2018-01-10 20:30:00,-106.4,0.0
2018-01-10 20:45:00,-92.9,0.0
2018-01-10 21:00:00,-62.3,0.0
2018-01-10 21:15:00,-72.0,0.0
2018-01-10 21:30:00,-89.7,0.0
2018-01-10 21:45:00,-81.9,0.0
2018-01-10 22:00:00,-82.9,0.0
2018-01-10 22:15:00,-81.3,0.0
2018-01-10 22:30:00,-85.7,0.0
2018-01-10 22:45:00,-97.2,0.0
2018-01-10 23:00:00,-54.6,0.0
2018-01-10 23:15:00,-46.6,0.0
2018-01-10 23:30:00,-36.0,0.0
2018-01-10 23:45:00,-40.0,0.0
2018-01-11 00:00:00,-35.2,0.0
2018-01-11 00:15:00,-34.7,0.0
2018-01-11 00:30:00,-38.2,0.0
2018-01-11 00:45:00,-76.5,0.0
2018-01-11 01:00:00,-89.4,0.0
2018-01-11 01:15:00,-64.1,0.0
2018-01-11 01:30:00,-50.3,0.0
2018-01-11 01:45:00,-39.4,0.0
2018-01-11 02:00:00,-11.9,0.0
2018-01-11 02:15:00,-31.7,0.0
2018-01-11 02:30:00,-29.7,0.0
2018-01-11 02:45:00,-14.4,0.0
2018-01-11 03:00:00,0.0,0.0
2018-01-11 03:15:00,0.0,0.0
2018-01-11 03:30:00,0.0,0.0
2018-01-11 03:45:00,0.0,0.0
2018-01-11 04:00:00,0.0,0.0
2018-01-11 04:15:00,0.0,0.0
2018-01-11 04:30:00,0.0,0.0
2018-01-11 04:45:00,0.0,0.0
2018-01-11 05:00:00,0.0,0.0
2018-01-11 05:15:00,0.0,0.0
2018-01-11 05:30:00,0.0,0.0
2018-01-11 05:45:00,0.0,0.0
2018-01-11 06:00:00,0.0,0.0
2018-01-11 06:15:00,0.0,0.0
2018-01-11 06:30:00,0.0,0.0
2018-01-11 06:45:00,0.0,0.0
2018-01-11 07:00:00,0.0,0.0
2018-01-11 07:15:00,0.0,0.0
2018-01-11 07:30:00,0.0,0.0
2018-01-11 07:45:00,0.0,0.0
2018-01-11 08:00:00,0.0,0.0
2018-01-11 08:15:00,0.0,0.0
2018-01-11 08:30:00,0.0,0.0
2018-01-11 08:45:00,0.0,0.0
2018-01-11 09:00:00,0.0,0.0
2018-01-11 09:15:00,0.0,-0.78
2018-01-11 09:30:00,0.0,-2.44
2018-01-11 09:45:00,0.0,-5.33
2018-01-11 10:00:00,0.0,-5.44
2018-01-11 10:15:00,0.0,-6.11
2018-01-11 10:30:00,0.0,-6.67
2018-01-11 10:45:00,0.0,-4.78
2018-01-11 11:00:00,0.0,-11.11
2018-01-11 11:15:00,0.0,-15.11
2018-01-11 11:30:00,0.0,-31.33
2018-01-11 11:45:00,0.0,-31.0
2018-01-11 12:00:00,0.0,-23.56
2018-01-11 12:15:00,0.0,-19.56
2018-01-11 12:30:00,0.0,-16.44
2018-01-11 12:45:00,0.0,-17.67
2018-01-11 13:00:00,0.0,-17.44
2018-01-11 13:15:00,0.0,-39.67
2018-01-11 13:30:00,0.0,-23.22
2018-01-11 13:45:00,0.0,-10.67
2018-01-11 14:00:00,0.0,-10.11
2018-01-11 14:15:00,0.0,-3.33
2018-01-11 14:30:00,0.0,-4.89
2018-01-11 14:45:00,0.0,-10.56
2018-01-11 15:00:00,0.0,-25.44
2018-01-11 15:15:00,0.0,-29.0
2018-01-11 15:30:00,0.0,-12.44
2018-01-11 15:45:00,0.0,-3.11
2018-01-11 16:00:00,0.0,-2.22
2018-01-11 16:15:00,0.0,-1.33
2018-01-11 16:30:00,0.0,-0.22
2018-01-11 16:45:00,0.0,-0.11
2018-01-11 17:00:00,0.0,0.0
2018-01-11 17:15:00,0.0,0.0
2018-01-11 17:30:00,0.0,0.0
2018-01-11 17:45:00,0.0,0.0
2018-01-11 18:00:00,-6.2,0.0
2018-01-11 18:15:00,-8.8,0.0
2018-01-11 18:30:00,-17.4,0.0
2018-01-11 18:45:00,-9.8,0.0
2018-01-11 19:00:00,0.0,0.0
2018-01-11 19:15:00,0.0,0.0
2018-01-11 19:30:00,-33.4,0.0
2018-01-11 19:45:00,-38.1,0.0
2018-01-11 20:00:00,-24.8,0.0
2018-01-11 20:15:00,-40.3,0.0
2018-01-11 20:30:00,-36.4,0.0
2018-01-11 20:45:00,-15.0,0.0
2018-01-11 21:00:00,-56.7,0.0
2018-01-11 21:15:00,-46.6,0.0
2018-01-11 21:30:00,-30.0,0.0
2018-01-11 21:45:00,-15.4,0.0
2018-01-11 22:00:00,0.0,0.0
2018-01-11 22:15:00,0.0,0.0
2018-01-11 22:30:00,-3.9,0.0
2018-01-11 22:45:00,-0.9,0.0
2018-01-11 23:00:00,0.0,0.0
2018-01-11 23:15:00,-6.5,0.0
2018-01-11 23:30:00,-5.8,0.0
2018-01-11 23:45:00,-5.4,0.0
2018-01-12 00:00:00,-12.8,0.0
2018-01-12 00:15:00,-18.2,0.0
2018-01-12 00:30:00,-22.5,0.0
2018-01-12 00:45:00,-35.6,0.0
2018-01-12 01:00:00,-51.0,0.0
2018-01-12 01:15:00,-38.4,0.0
2018-01-12 01:30:00,-24.6,0.0
2018-01-12 01:45:00,-31.8,0.0
2018-01-12 02:00:00,-35.0,0.0
2018-01-12 02:15:00,-13.5,0.0
2018-01-12 02:30:00,-17.7,0.0
2018-01-12 02:45:00,-19.3,0.0
2018-01-12 03:00:00,-22.6,0.0
2018-01-12 03:15:00,-20.8,0.0
2018-01-12 03:30:00,-16.0,0.0
2018-01-12 03:45:00,-3.2,0.0
2018-01-12 04:00:00,0.0,0.0
2018-01-12 04:15:00,0.0,0.0
2018-01-12 04:30:00,0.0,0.0
2018-01-12 04:45:00,0.0,0.0
2018-01-12 05:00:00,0.0,0.0
2018-01-12 05:15:00,0.0,0.0
2018-01-12 05:30:00,-10.1,0.0
2018-01-12 05:45:00,-6.8,0.0
2018-01-12 06:00:00,-8.5,0.0
2018-01-12 06:15:00,-10.4,0.0
2018-01-12 06:30:00,-16.9,0.0
2018-01-12 06:45:00,-12.1,0.0
2018-01-12 07:00:00,-8.2,0.0
2018-01-12 07:15:00,-2.5,0.0
2018-01-12 07:30:00,-0.1,0.0
2018-01-12 07:45:00,-0.2,0.0
2018-01-12 08:00:00,-10.3,0.0
2018-01-12 08:15:00,-7.5,0.0
2018-01-12 08:30:00,-7.2,0.0
2018-01-12 08:45:00,-7.8,0.0
2018-01-12 09:00:00,-1.2,0.0
2018-01-12 09:15:00,-4.7,-0.11
2018-01-12 09:30:00,-9.8,-1.22
2018-01-12 09:45:00,-2.7,-5.44
2018-01-12 10:00:00,0.0,-6.67
2018-01-12 10:15:00,0.0,-8.0
2018-01-12 10:30:00,0.0,-7.0
2018-01-12 10:45:00,0.0,-5.56
2018-01-12 11:00:00,0.0,-4.44
2018-01-12 11:15:00,0.0,-3.56
2018-01-12 11:30:00,0.0,-8.89
2018-01-12 11:45:00,0.0,-5.44
2018-01-12 12:00:00,0.0,-5.0
2018-01-12 12:15:00,0.0,-2.33
2018-01-12 12:30:00,0.0,-4.56
2018-01-12 12:45:00,0.0,-3.78
2018-01-12 13:00:00,0.0,-3.56
2018-01-12 13:15:00,0.0,-1.56
2018-01-12 13:30:00,0.0,-1.89
2018-01-12 13:45:00,0.0,-3.0
2018-01-12 14:00:00,0.0,-3.89
2018-01-12 14:15:00,0.0,-6.22
2018-01-12 14:30:00,0.0,-6.22
2018-01-12 14:45:00,0.0,-2.89
2018-01-12 15:00:00,0.0,-1.33
2018-01-12 15:15:00,0.0,-0.56
2018-01-12 15:30:00,0.0,-1.78
2018-01-12 15:45:00,0.0,-2.89
2018-01-12 16:00:00,0.0,-0.67
2018-01-12 16:15:00,0.0,-0.33
2018-01-12 16:30:00,0.0,0.0
2018-01-12 16:45:00,0.0,0.0
2018-01-12 17:00:00,0.0,0.0
2018-01-12 17:15:00,0.0,0.0
2018-01-12 17:30:00,0.0,0.0
2018-01-12 17:45:00,0.0,0.0
2018-01-12 18:00:00,0.0,0.0
2018-01-12 18:15:00,0.0,0.0
2018-01-12 18:30:00,0.0,0.0
2018-01-12 18:45:00,0.0,0.0
2018-01-12 19:00:00,0.0,0.0
2018-01-12 19:15:00,0.0,0.0
2018-01-12 19:30:00,-1.6,0.0
2018-01-12 19:45:00,-1.8,0.0
2018-01-12 20:00:00,0.0,0.0
2018-01-12 20:15:00,0.0,0.0
2018-01-12 20:30:00,0.0,0.0
2018-01-12 20:45:00,0.0,0.0
2018-01-12 21:00:00,0.0,0.0
2018-01-12 21:15:00,-3.7,0.0
2018-01-12 21:30:00,-18.4,0.0
2018-01-12 21:45:00,-39.2,0.0
2018-01-12 22:00:00,-45.5,0.0
2018-01-12 22:15:00,-49.4,0.0
2018-01-12 22:30:00,-69.7,0.0
2018-01-12 22:45:00,-74.1,0.0
2018-01-12 23:00:00,-68.9,0.0
2018-01-12 23:15:00,-27.6,0.0
2018-01-12 23:30:00,0.0,0.0
2018-01-12 23:45:00,0.0,0.0
2018-01-13 00:00:00,-8.4,0.0
2018-01-13 00:15:00,-5.2,0.0
2018-01-13 00:30:00,-10.0,0.0
2018-01-13 00:45:00,-11.5,0.0
2018-01-13 01:00:00,0.0,0.0
2018-01-13 01:15:00,-4.7,0.0
2018-01-13 01:30:00,-13.6,0.0
2018-01-13 01:45:00,-16.5,0.0
2018-01-13 02:00:00,-26.3,0.0
2018-01-13 02:15:00,-45.3,0.0
2018-01-13 02:30:00,-42.0,0.0
2018-01-13 02:45:00,-32.7,0.0
2018-01-13 03:00:00,-28.3,0.0
2018-01-13 03:15:00,-34.8,0.0
2018-01-13 03:30:00,-55.3,0.0
2018-01-13 03:45:00,-49.7,0.0
2018-01-13 04:00:00,-57.9,0.0
2018-01-13 04:15:00,-52.7,0.0
2018-01-13 04:30:00,-74.4,0.0
2018-01-13 04:45:00,-69.8,0.0
2018-01-13 05:00:00,-71.8,0.0
2018-01-13 05:15:00,-60.8,0.0
2018-01-13 05:30:00,-72.2,0.0
2018-01-13 05:45:00,-90.9,0.0
2018-01-13 06:00:00,-134.7,0.0
2018-01-13 06:15:00,-133.2,0.0
2018-01-13 06:30:00,-151.4,0.0
2018-01-13 06:45:00,-164.0,0.0
2018-01-13 07:00:00,-153.4,0.0
2018-01-13 07:15:00,-136.2,0.0
2018-01-13 07:30:00,-105.2,0.0
2018-01-13 07:45:00,-66.9,0.0
2018-01-13 08:00:00,-78.3,0.0
2018-01-13 08:15:00,-85.9,0.0
2018-01-13 08:30:00,-85.0,0.0
2018-01-13 08:45:00,-95.8,0.0
2018-01-13 09:00:00,-93.1,0.0
2018-01-13 09:15:00,-75.9,0.0
2018-01-13 09:30:00,-95.1,-1.56
2018-01-13 09:45:00,-41.8,-4.11
2018-01-13 10:00:00,-57.5,-7.33
2018-01-13 10:15:00,-63.7,-10.22
2018-01-13 10:30:00,-89.0,-14.0
2018-01-13 10:45:00,-104.6,-11.33
2018-01-13 11:00:00,-147.9,-14.78
2018-01-13 11:15:00,-117.1,-29.11
2018-01-13 11:30:00,-122.2,-21.67
2018-01-13 11:45:00,-94.2,-19.89
2018-01-13 12:00:00,-157.7,-25.33
2018-01-13 12:15:00,-113.9,-26.67
2018-01-13 12:30:00,-38.6,-21.22
2018-01-13 12:45:00,-29.5,-13.0
2018-01-13 13:00:00,-49.6,-9.33
2018-01-13 13:15:00,-51.1,-10.67
2018-01-13 13:30:00,-61.1,-5.89
2018-01-13 13:45:00,-69.4,-2.33
2018-01-13 14:00:00,-51.8,-4.33
2018-01-13 14:15:00,-31.5,-7.89
2018-01-13 14:30:00,-112.4,-3.56
2018-01-13 14:45:00,-124.6,-6.33
2018-01-13 15:00:00,-60.3,-7.0
2018-01-13 15:15:00,-91.2,-6.11
2018-01-13 15:30:00,-101.6,-6.33
2018-01-13 15:45:00,-129.3,-7.33
2018-01-13 16:00:00,-56.7,-5.78
2018-01-13 16:15:00,-37.9,-4.44
2018-01-13 16:30:00,-45.9,-1.44
2018-01-13 16:45:00,-54.2,0.0
2018-01-13 17:00:00,-44.7,0.0
2018-01-13 17:15:00,-22.6,0.0
2018-01-13 17:30:00,-47.4,0.0
2018-01-13 17:45:00,-101.5,0.0
2018-01-13 18:00:00,-73.9,0.0
2018-01-13 18:15:00,-67.0,0.0
2018-01-13 18:30:00,-72.4,0.0
2018-01-13 18:45:00,-92.4,0.0
2018-01-13 19:00:00,-22.8,0.0
2018-01-13 19:15:00,-0.7,0.0
2018-01-13 19:30:00,0.0,0.0
2018-01-13 19:45:00,0.0,0.0
2018-01-13 20:00:00,-15.3,0.0
2018-01-13 20:15:00,-17.9,0.0
2018-01-13 20:30:00,-29.4,0.0
2018-01-13 20:45:00,-32.4,0.0
2018-01-13 21:00:00,-35.1,0.0
2018-01-13 21:15:00,-36.4,0.0
2018-01-13 21:30:00,-40.5,0.0
2018-01-13 21:45:00,-46.3,0.0
2018-01-13 22:00:00,-60.4,0.0
2018-01-13 22:15:00,-68.7,0.0
2018-01-13 22:30:00,-92.7,0.0
2018-01-13 22:45:00,-99.8,0.0
2018-01-13 23:00:00,-120.0,0.0
2018-01-13 23:15:00,-121.6,0.0
2018-01-13 23:30:00,-112.6,0.0
2018-01-13 23:45:00,-122.0,0.0
2018-01-14 00:00:00,-101.6,0.0
2018-01-14 00:15:00,-114.6,0.0
2018-01-14 00:30:00,-114.5,0.0
2018-01-14 00:45:00,-124.5,0.0
2018-01-14 01:00:00,-121.8,0.0
2018-01-14 01:15:00,-112.3,0.0
2018-01-14 01:30:00,-100.8,0.0
2018-01-14 01:45:00,-99.8,0.0
2018-01-14 02:00:00,-96.4,0.0
2018-01-14 02:15:00,-100.4,0.0
2018-01-14 02:30:00,-102.9,0.0
2018-01-14 02:45:00,-100.3,0.0
2018-01-14 03:00:00,-93.1,0.0
2018-01-14 03:15:00,-88.0,0.0
2018-01-14 03:30:00,-85.8,0.0
2018-01-14 03:45:00,-67.2,0.0
2018-01-14 04:00:00,-53.9,0.0
2018-01-14 04:15:00,-57.4,0.0
2018-01-14 04:30:00,-66.3,0.0
2018-01-14 04:45:00,-53.8,0.0
2018-01-14 05:00:00,-56.5,0.0
2018-01-14 05:15:00,-53.1,0.0
2018-01-14 05:30:00,-53.9,0.0
2018-01-14 05:45:00,-53.5,0.0
2018-01-14 06:00:00,-58.6,0.0
2018-01-14 06:15:00,-38.2,0.0
2018-01-14 06:30:00,-27.7,0.0
2018-01-14 06:45:00,-28.6,0.0
2018-01-14 07:00:00,-20.8,0.0
2018-01-14 07:15:00,-25.5,0.0
2018-01-14 07:30:00,-38.8,0.0
2018-01-14 07:45:00,-40.1,0.0
2018-01-14 08:00:00,-47.5,0.0
2018-01-14 08:15:00,-27.6,0.0
2018-01-14 08:30:00,-33.3,0.0
2018-01-14 08:45:00,-27.4,0.0
2018-01-14 09:00:00,-12.7,-1.44
2018-01-14 09:15:00,-17.8,-9.56
2018-01-14 09:30:00,-17.8,-6.11
2018-01-14 09:45:00,-19.0,-10.44
2018-01-14 10:00:00,-19.0,-11.22
2018-01-14 10:15:00,-8.9,-17.78
2018-01-14 10:30:00,-10.0,-53.0
2018-01-14 10:45:00,0.0,-29.33
2018-01-14 11:00:00,0.0,-22.89
2018-01-14 11:15:00,0.0,-22.11
2018-01-14 11:30:00,0.0,-18.22
2018-01-14 11:45:00,0.0,-44.33
2018-01-14 12:00:00,-13.8,-111.33
2018-01-14 12:15:00,-3.1,-107.89
2018-01-14 12:30:00,-15.1,-34.11
2018-01-14 12:45:00,-22.9,-47.67
2018-01-14 13:00:00,-33.0,-66.0
2018-01-14 13:15:00,-16.5,-28.78
2018-01-14 13:30:00,0.0,-45.78
2018-01-14 13:45:00,0.0,-95.0
2018-01-14 14:00:00,-2.4,-128.78
2018-01-14 14:15:00,-19.2,-84.89
2018-01-14 14:30:00,-15.2,-58.0
2018-01-14 14:45:00,-13.2,-57.56
2018-01-14 15:00:00,-14.6,-26.56
2018-01-14 15:15:00,-26.7,-21.0
2018-01-14 15:30:00,-43.9,-16.44
2018-01-14 15:45:00,-37.5,-8.11
2018-01-14 16:00:00,-34.1,-5.67
2018-01-14 16:15:00,-41.0,-1.67
2018-01-14 16:30:00,-51.3,-1.56
2018-01-14 16:45:00,-68.9,-2.11
2018-01-14 17:00:00,-115.6,-0.11
2018-01-14 17:15:00,-189.7,0.0
2018-01-14 17:30:00,-200.6,0.0
2018-01-14 17:45:00,-239.4,0.0
2018-01-14 18:00:00,-332.3,0.0
2018-01-14 18:15:00,-297.7,0.0
2018-01-14 18:30:00,-156.3,0.0
2018-01-14 18:45:00,-72.1,0.0
2018-01-14 19:00:00,-81.0,0.0
2018-01-14 19:15:00,-103.8,0.0
2018-01-14 19:30:00,-185.6,0.0
2018-01-14 19:45:00,-306.2,0.0
2018-01-14 20:00:00,-289.8,0.0
2018-01-14 20:15:00,-234.5,0.0
2018-01-14 20:30:00,-268.5,0.0
2018-01-14 20:45:00,-263.6,0.0
2018-01-14 21:00:00,-300.1,0.0
2018-01-14 21:15:00,-319.2,0.0
2018-01-14 21:30:00,-306.1,0.0
2018-01-14 21:45:00,-331.3,0.0
2018-01-14 22:00:00,-382.6,0.0
2018-01-14 22:15:00,-434.1,0.0
2018-01-14 22:30:00,-447.7,0.0
2018-01-14 22:45:00,-405.5,0.0
2018-01-14 23:00:00,-344.7,0.0
2018-01-14 23:15:00,-321.4,0.0
2018-01-14 23:30:00,-353.1,0.0
2018-01-14 23:45:00,-372.2,0.0
2018-01-15 00:00:00,-321.5,0.0
2018-01-15 00:15:00,-315.0,0.0
2018-01-15 00:30:00,-332.1,0.0
2018-01-15 00:45:00,-317.2,0.0
2018-01-15 01:00:00,-323.7,0.0
2018-01-15 01:15:00,-364.8,0.0
2018-01-15 01:30:00,-407.8,0.0
2018-01-15 01:45:00,-394.7,0.0
2018-01-15 02:00:00,-456.9,0.0
2018-01-15 02:15:00,-453.4,0.0
2018-01-15 02:30:00,-463.7,0.0
2018-01-15 02:45:00,-357.5,0.0
2018-01-15 03:00:00,-203.0,0.0
2018-01-15 03:15:00,-166.6,0.0
2018-01-15 03:30:00,-67.7,0.0
2018-01-15 03:45:00,-69.8,0.0
2018-01-15 04:00:00,-119.9,0.0
2018-01-15 04:15:00,-266.9,0.0
2018-01-15 04:30:00,-370.6,0.0
2018-01-15 04:45:00,-457.4,0.0
2018-01-15 05:00:00,-540.8,0.0
2018-01-15 05:15:00,-514.5,0.0
2018-01-15 05:30:00,-503.8,0.0
2018-01-15 05:45:00,-538.3,0.0
2018-01-15 06:00:00,-545.3,0.0
2018-01-15 06:15:00,-539.3,0.0
2018-01-15 06:30:00,-543.3,0.0
2018-01-15 06:45:00,-549.7,0.0
2018-01-15 07:00:00,-543.9,0.0
2018-01-15 07:15:00,-547.3,0.0
2018-01-15 07:30:00,-549.1,0.0
2018-01-15 07:45:00,-550.0,0.0
2018-01-15 08:00:00,-549.9,0.0
2018-01-15 08:15:00,-549.9,0.0
2018-01-15 08:30:00,-549.9,0.0
2018-01-15 08:45:00,-549.6,0.0
2018-01-15 09:00:00,-549.9,0.0
2018-01-15 09:15:00,-549.9,-1.22
2018-01-15 09:30:00,-549.9,-5.0
2018-01-15 09:45:00,-550.0,-17.22
2018-01-15 10:00:00,-549.9,-43.33
2018-01-15 10:15:00,-549.9,-21.78
2018-01-15 10:30:00,-549.9,-21.78
2018-01-15 10:45:00,-549.9,-50.67
2018-01-15 11:00:00,-549.9,-122.56
2018-01-15 11:15:00,-549.9,-141.78
2018-01-15 11:30:00,-550.0,-43.56
2018-01-15 11:45:00,-550.0,-23.67
2018-01-15 12:00:00,-549.9,-18.78
2018-01-15 12:15:00,-549.7,-14.78
2018-01-15 12:30:00,-549.8,-13.22
2018-01-15 12:45:00,-549.8,-7.0
2018-01-15 13:00:00,-549.8,-7.11
2018-01-15 13:15:00,-549.9,-7.33
2018-01-15 13:30:00,-549.9,-8.56
2018-01-15 13:45:00,-549.9,-7.78
2018-01-15 14:00:00,-549.9,-7.11
2018-01-15 14:15:00,-549.8,-5.78
2018-01-15 14:30:00,-549.9,-4.44
2018-01-15 14:45:00,-549.9,-4.56
2018-01-15 15:00:00,-550.0,-5.44
2018-01-15 15:15:00,-550.0,-2.89
2018-01-15 15:30:00,-550.0,-4.56
2018-01-15 15:45:00,-550.0,-4.0
2018-01-15 16:00:00,-550.0,-3.89
2018-01-15 16:15:00,-550.0,-3.22
2018-01-15 16:30:00,-550.0,-0.78
2018-01-15 16:45:00,-550.0,0.0
2018-01-15 17:00:00,-550.0,0.0
2018-01-15 17:15:00,-550.0,0.0
2018-01-15 17:30:00,-548.8,0.0
2018-01-15 17:45:00,-540.2,0.0
2018-01-15 18:00:00,-541.5,0.0
2018-01-15 18:15:00,-539.3,0.0
2018-01-15 18:30:00,-549.5,0.0
2018-01-15 18:45:00,-547.2,0.0
2018-01-15 19:00:00,-547.0,0.0
2018-01-15 19:15:00,-549.7,0.0
2018-01-15 19:30:00,-550.0,0.0
2018-01-15 19:45:00,-550.0,0.0
2018-01-15 20:00:00,-526.1,0.0
2018-01-15 20:15:00,-277.5,0.0
2018-01-15 20:30:00,-236.4,0.0
2018-01-15 20:45:00,-505.0,0.0
2018-01-15 21:00:00,-546.4,0.0
2018-01-15 21:15:00,-539.7,0.0
2018-01-15 21:30:00,-525.8,0.0
2018-01-15 21:45:00,-541.3,0.0
2018-01-15 22:00:00,-542.0,0.0
2018-01-15 22:15:00,-541.3,0.0
2018-01-15 22:30:00,-523.2,0.0
2018-01-15 22:45:00,-496.3,0.0
2018-01-15 23:00:00,-457.4,0.0
2018-01-15 23:15:00,-527.9,0.0
2018-01-15 23:30:00,-515.8,0.0
2018-01-15 23:45:00,-507.8,0.0
2018-01-16 00:00:00,-524.6,0.0
2018-01-16 00:15:00,-472.4,0.0
2018-01-16 00:30:00,-538.1,0.0
2018-01-16 00:45:00,-550.0,0.0
2018-01-16 01:00:00,-549.7,0.0
2018-01-16 01:15:00,-549.4,0.0
2018-01-16 01:30:00,-538.4,0.0
2018-01-16 01:45:00,-545.1,0.0
2018-01-16 02:00:00,-541.9,0.0
2018-01-16 02:15:00,-529.6,0.0
2018-01-16 02:30:00,-538.7,0.0
2018-01-16 02:45:00,-542.7,0.0
2018-01-16 03:00:00,-506.4,0.0
2018-01-16 03:15:00,-517.2,0.0
2018-01-16 03:30:00,-399.7,0.0
2018-01-16 03:45:00,-117.3,0.0
2018-01-16 04:00:00,-374.3,0.0
2018-01-16 04:15:00,-476.9,0.0
2018-01-16 04:30:00,-540.0,0.0
2018-01-16 04:45:00,-545.2,0.0
2018-01-16 05:00:00,-546.9,0.0
2018-01-16 05:15:00,-548.1,0.0
2018-01-16 05:30:00,-525.0,0.0
2018-01-16 05:45:00,-537.7,0.0
2018-01-16 06:00:00,-543.5,0.0
2018-01-16 06:15:00,-543.1,0.0
2018-01-16 06:30:00,-547.9,0.0
2018-01-16 06:45:00,-547.9,0.0
2018-01-16 07:00:00,-549.8,0.0
2018-01-16 07:15:00,-542.1,0.0
2018-01-16 07:30:00,-548.8,0.0
2018-01-16 07:45:00,-549.5,0.0
2018-01-16 08:00:00,-546.2,0.0
2018-01-16 08:15:00,-547.7,0.0
2018-01-16 08:30:00,-550.0,0.0
2018-01-16 08:45:00,-549.7,0.0
2018-01-16 09:00:00,-542.1,0.0
2018-01-16 09:15:00,-541.9,0.0
2018-01-16 09:30:00,-544.1,-0.11
2018-01-16 09:45:00,-481.7,-1.33
2018-01-16 10:00:00,-521.9,-2.0
2018-01-16 10:15:00,-508.1,-4.44
2018-01-16 10:30:00,-531.9,-4.67
2018-01-16 10:45:00,-548.6,-5.56
2018-01-16 11:00:00,-550.0,-10.44
2018-01-16 11:15:00,-548.8,-9.11
2018-01-16 11:30:00,-549.9,-13.0
2018-01-16 11:45:00,-550.0,-15.44
2018-01-16 12:00:00,-549.6,-28.33
2018-01-16 12:15:00,-549.6,-45.44
2018-01-16 12:30:00,-546.3,-22.22
2018-01-16 12:45:00,-549.7,-16.0
2018-01-16 13:00:00,-534.9,-15.0
2018-01-16 13:15:00,-545.1,-17.56
2018-01-16 13:30:00,-549.9,-14.11
2018-01-16 13:45:00,-550.0,-11.11
2018-01-16 14:00:00,-548.7,-16.78
2018-01-16 14:15:00,-547.0,-17.22
2018-01-16 14:30:00,-541.5,-12.11
2018-01-16 14:45:00,-520.6,-9.22
2018-01-16 15:00:00,-543.5,-8.56
2018-01-16 15:15:00,-548.5,-5.0
2018-01-16 15:30:00,-550.0,-7.56
2018-01-16 15:45:00,-550.0,-5.89
2018-01-16 16:00:00,-536.3,-2.44
2018-01-16 16:15:00,-546.5,-1.78
2018-01-16 16:30:00,-483.0,-0.56
2018-01-16 16:45:00,-502.4,0.0
2018-01-16 17:00:00,-349.3,0.0
2018-01-16 17:15:00,-367.9,0.0
2018-01-16 17:30:00,-410.9,0.0
2018-01-16 17:45:00,-474.5,0.0
2018-01-16 18:00:00,-457.7,0.0
2018-01-16 18:15:00,-451.3,0.0
2018-01-16 18:30:00,-517.1,0.0
2018-01-16 18:45:00,-513.5,0.0
2018-01-16 19:00:00,-407.0,0.0
2018-01-16 19:15:00,-428.9,0.0
2018-01-16 19:30:00,-460.2,0.0
2018-01-16 19:45:00,-366.7,0.0
2018-01-16 20:00:00,-268.1,0.0
2018-01-16 20:15:00,-213.1,0.0
2018-01-16 20:30:00,-223.1,0.0
2018-01-16 20:45:00,-410.6,0.0
2018-01-16 21:00:00,-531.0,0.0
2018-01-16 21:15:00,-541.1,0.0
2018-01-16 21:30:00,-511.5,0.0
2018-01-16 21:45:00,-504.4,0.0
2018-01-16 22:00:00,-534.8,0.0
2018-01-16 22:15:00,-545.1,0.0
2018-01-16 22:30:00,-515.7,0.0
2018-01-16 22:45:00,-527.5,0.0
2018-01-16 23:00:00,-535.2,0.0
2018-01-16 23:15:00,-501.0,0.0
2018-01-16 23:30:00,-543.0,0.0
2018-01-16 23:45:00,-526.8,0.0
2018-01-17 00:00:00,-503.8,0.0
2018-01-17 00:15:00,-509.1,0.0
2018-01-17 00:30:00,-514.5,0.0
2018-01-17 00:45:00,-511.1,0.0
2018-01-17 01:00:00,-541.0,0.0
2018-01-17 01:15:00,-549.9,0.0
2018-01-17 01:30:00,-507.7,0.0
2018-01-17 01:45:00,-466.7,0.0
2018-01-17 02:00:00,-537.7,0.0
2018-01-17 02:15:00,-538.9,0.0
2018-01-17 02:30:00,-544.8,0.0
2018-01-17 02:45:00,-525.7,0.0
2018-01-17 03:00:00,-492.2,0.0
2018-01-17 03:15:00,-506.8,0.0
2018-01-17 03:30:00,-531.8,0.0
2018-01-17 03:45:00,-530.1,0.0
2018-01-17 04:00:00,-520.8,0.0
2018-01-17 04:15:00,-540.4,0.0
2018-01-17 04:30:00,-530.6,0.0
2018-01-17 04:45:00,-546.7,0.0
2018-01-17 05:00:00,-544.4,0.0
2018-01-17 05:15:00,-542.5,0.0
2018-01-17 05:30:00,-543.7,0.0
2018-01-17 05:45:00,-542.1,0.0
2018-01-17 06:00:00,-541.4,0.0
2018-01-17 06:15:00,-547.4,0.0
2018-01-17 06:30:00,-520.4,0.0
2018-01-17 06:45:00,-530.9,0.0
2018-01-17 07:00:00,-522.6,0.0
2018-01-17 07:15:00,-548.4,0.0
2018-01-17 07:30:00,-550.0,0.0
2018-01-17 07:45:00,-550.0,0.0
2018-01-17 08:00:00,-549.5,0.0
2018-01-17 08:15:00,-549.6,0.0
2018-01-17 08:30:00,-549.1,0.0
2018-01-17 08:45:00,-549.1,0.0
2018-01-17 09:00:00,-545.7,0.0
2018-01-17 09:15:00,-540.8,-0.67
2018-01-17 09:30:00,-534.6,-2.33
2018-01-17 09:45:00,-543.7,-3.33
2018-01-17 10:00:00,-540.7,-1.11
2018-01-17 10:15:00,-541.6,-1.78
2018-01-17 10:30:00,-531.2,-4.22
2018-01-17 10:45:00,-522.9,-3.67
2018-01-17 11:00:00,-546.9,-14.0
2018-01-17 11:15:00,-546.0,-48.22
2018-01-17 11:30:00,-548.5,-75.67
2018-01-17 11:45:00,-548.0,-78.67
2018-01-17 12:00:00,-542.1,-26.89
2018-01-17 12:15:00,-548.1,-39.11
2018-01-17 12:30:00,-545.9,-14.78
2018-01-17 12:45:00,-550.0,-6.89
2018-01-17 13:00:00,-544.5,-25.44
2018-01-17 13:15:00,-518.7,-53.0
2018-01-17 13:30:00,-549.7,-22.0
2018-01-17 13:45:00,-550.0,-8.56
2018-01-17 14:00:00,-524.2,-17.67
2018-01-17 14:15:00,-500.6,-22.89
2018-01-17 14:30:00,-547.4,-21.44
2018-01-17 14:45:00,-302.6,-63.78
2018-01-17 15:00:00,-545.1,-71.56
2018-01-17 15:15:00,-548.5,-45.78
2018-01-17 15:30:00,-547.8,-60.0
2018-01-17 15:45:00,-547.4,-70.44
2018-01-17 16:00:00,-509.7,-43.89
2018-01-17 16:15:00,-511.6,-21.22
2018-01-17 16:30:00,-526.2,-13.0
2018-01-17 16:45:00,-492.3,-4.89
2018-01-17 17:00:00,-384.7,-2.89
2018-01-17 17:15:00,-279.5,-0.11
2018-01-17 17:30:00,-293.7,0.0
2018-01-17 17:45:00,-407.8,0.0
2018-01-17 18:00:00,-442.0,0.0
2018-01-17 18:15:00,-384.1,0.0
2018-01-17 18:30:00,-387.8,0.0
2018-01-17 18:45:00,-350.8,0.0
2018-01-17 19:00:00,-370.4,0.0
2018-01-17 19:15:00,-285.2,0.0
2018-01-17 19:30:00,-280.7,0.0
2018-01-17 19:45:00,-284.6,0.0
2018-01-17 20:00:00,-380.3,0.0
2018-01-17 20:15:00,-353.5,0.0
2018-01-17 20:30:00,-432.2,0.0
2018-01-17 20:45:00,-471.8,0.0
2018-01-17 21:00:00,-424.1,0.0
2018-01-17 21:15:00,-337.9,0.0
2018-01-17 21:30:00,-276.5,0.0
2018-01-17 21:45:00,-384.9,0.0
2018-01-17 22:00:00,-488.5,0.0
2018-01-17 22:15:00,-531.4,0.0
2018-01-17 22:30:00,-546.5,0.0
2018-01-17 22:45:00,-516.2,0.0
2018-01-17 23:00:00,-415.2,0.0
2018-01-17 23:15:00,-450.3,0.0
2018-01-17 23:30:00,-540.2,0.0
2018-01-17 23:45:00,-547.0,0.0
2018-01-18 00:00:00,-548.9,0.0
2018-01-18 00:15:00,-549.7,0.0
2018-01-18 00:30:00,-550.0,0.0
2018-01-18 00:45:00,-549.9,0.0
2018-01-18 01:00:00,-549.9,0.0
2018-01-18 01:15:00,-549.9,0.0
2018-01-18 01:30:00,-549.9,0.0
2018-01-18 01:45:00,-549.9,0.0
2018-01-18 02:00:00,-549.9,0.0
2018-01-18 02:15:00,-549.9,0.0
2018-01-18 02:30:00,-549.9,0.0
2018-01-18 02:45:00,-549.9,0.0
2018-01-18 03:00:00,-549.9,0.0
2018-01-18 03:15:00,-550.0,0.0
2018-01-18 03:30:00,-549.9,0.0
2018-01-18 03:45:00,-549.8,0.0
2018-01-18 04:00:00,-549.7,0.0
2018-01-18 04:15:00,-549.3,0.0
2018-01-18 04:30:00,-549.5,0.0
2018-01-18 04:45:00,-549.5,0.0
2018-01-18 05:00:00,-549.3,0.0
2018-01-18 05:15:00,-227.6,0.0
2018-01-18 05:30:00,0.0,0.0
2018-01-18 05:45:00,0.0,0.0
2018-01-18 06:00:00,0.0,0.0
2018-01-18 06:15:00,0.0,0.0
2018-01-18 06:30:00,0.0,0.0
2018-01-18 06:45:00,-59.8,0.0
2018-01-18 07:00:00,-549.1,0.0
2018-01-18 07:15:00,-549.0,0.0
2018-01-18 07:30:00,-549.8,0.0
2018-01-18 07:45:00,-549.7,0.0
2018-01-18 08:00:00,-549.6,0.0
2018-01-18 08:15:00,-549.5,0.0
2018-01-18 08:30:00,-549.6,0.0
2018-01-18 08:45:00,-549.8,0.0
2018-01-18 09:00:00,-549.9,-0.89
2018-01-18 09:15:00,-549.9,-3.56
2018-01-18 09:30:00,-549.9,-6.11
2018-01-18 09:45:00,-549.7,-9.89
2018-01-18 10:00:00,-549.9,-17.0
2018-01-18 10:15:00,-550.0,-24.0
2018-01-18 10:30:00,-548.1,-26.0
2018-01-18 10:45:00,-547.6,-30.11
2018-01-18 11:00:00,-530.1,-35.11
2018-01-18 11:15:00,-508.0,-28.44
2018-01-18 11:30:00,-449.6,-29.78
2018-01-18 11:45:00,-445.3,-31.78
2018-01-18 12:00:00,-528.5,-35.44
2018-01-18 12:15:00,-526.1,-35.78
2018-01-18 12:30:00,-336.0,-50.22
2018-01-18 12:45:00,-393.5,-62.22
2018-01-18 13:00:00,-510.7,-75.56
2018-01-18 13:15:00,-461.4,-97.44
2018-01-18 13:30:00,-368.6,-92.0
2018-01-18 13:45:00,-388.0,-84.56
2018-01-18 14:00:00,-441.4,-60.56
2018-01-18 14:15:00,-534.7,-65.33
2018-01-18 14:30:00,-418.6,-63.33
2018-01-18 14:45:00,-344.0,-34.22
2018-01-18 15:00:00,-313.2,-28.44
2018-01-18 15:15:00,-267.9,-41.89
2018-01-18 15:30:00,-184.5,-27.11
2018-01-18 15:45:00,-118.6,-21.0
2018-01-18 16:00:00,-158.6,-18.22
2018-01-18 16:15:00,-211.1,-10.78
2018-01-18 16:30:00,-160.7,-8.44
2018-01-18 16:45:00,-151.2,-5.22
2018-01-18 17:00:00,-160.5,-4.67
2018-01-18 17:15:00,-187.4,-1.56
2018-01-18 17:30:00,-305.9,-0.11
2018-01-18 17:45:00,-278.1,0.0
2018-01-18 18:00:00,-355.2,0.0
2018-01-18 18:15:00,-396.2,0.0
2018-01-18 18:30:00,-388.1,0.0
2018-01-18 18:45:00,-431.8,0.0
2018-01-18 19:00:00,-370.9,0.0
2018-01-18 19:15:00,-429.5,0.0
2018-01-18 19:30:00,-484.5,0.0
2018-01-18 19:45:00,-439.0,0.0
2018-01-18 20:00:00,-318.9,0.0
2018-01-18 20:15:00,-269.7,0.0
2018-01-18 20:30:00,-223.0,0.0
2018-01-18 20:45:00,-183.9,0.0
2018-01-18 21:00:00,-278.3,0.0
2018-01-18 21:15:00,-323.9,0.0
2018-01-18 21:30:00,-390.3,0.0
2018-01-18 21:45:00,-397.4,0.0
2018-01-18 22:00:00,-388.2,0.0
2018-01-18 22:15:00,-327.5,0.0
2018-01-18 22:30:00,-392.4,0.0
2018-01-18 22:45:00,-464.0,0.0
2018-01-18 23:00:00,-532.9,0.0
2018-01-18 23:15:00,-508.8,0.0
2018-01-18 23:30:00,-505.3,0.0
2018-01-18 23:45:00,-492.3,0.0
2018-01-19 00:00:00,-495.8,0.0
2018-01-19 00:15:00,-506.9,0.0
2018-01-19 00:30:00,-474.4,0.0
2018-01-19 00:45:00,-471.4,0.0
2018-01-19 01:00:00,-518.8,0.0
2018-01-19 01:15:00,-542.0,0.0
2018-01-19 01:30:00,-519.3,0.0
2018-01-19 01:45:00,-486.1,0.0
2018-01-19 02:00:00,-437.7,0.0
2018-01-19 02:15:00,-405.1,0.0
2018-01-19 02:30:00,-375.0,0.0
2018-01-19 02:45:00,-267.6,0.0
2018-01-19 03:00:00,-293.6,0.0
2018-01-19 03:15:00,-439.2,0.0
2018-01-19 03:30:00,-441.5,0.0
2018-01-19 03:45:00,-359.8,0.0
2018-01-19 04:00:00,-348.1,0.0
2018-01-19 04:15:00,-263.1,0.0
2018-01-19 04:30:00,-266.5,0.0
2018-01-19 04:45:00,-283.3,0.0
2018-01-19 05:00:00,-258.3,0.0
2018-01-19 05:15:00,-317.7,0.0
2018-01-19 05:30:00,-258.1,0.0
2018-01-19 05:45:00,-233.0,0.0
2018-01-19 06:00:00,-233.7,0.0
2018-01-19 06:15:00,-231.7,0.0
2018-01-19 06:30:00,-289.4,0.0
2018-01-19 06:45:00,-371.3,0.0
2018-01-19 07:00:00,-404.9,0.0
2018-01-19 07:15:00,-427.3,0.0
2018-01-19 07:30:00,-323.8,0.0
2018-01-19 07:45:00,-311.6,0.0
2018-01-19 08:00:00,-321.7,0.0
2018-01-19 08:15:00,-261.6,0.0
2018-01-19 08:30:00,-211.5,0.0
2018-01-19 08:45:00,-203.8,-0.67
2018-01-19 09:00:00,-194.3,-5.89
2018-01-19 09:15:00,-161.5,-16.22
2018-01-19 09:30:00,-110.4,-42.56
2018-01-19 09:45:00,-104.0,-65.78
2018-01-19 10:00:00,-166.6,-80.11
2018-01-19 10:15:00,-163.1,-36.0
2018-01-19 10:30:00,-171.2,-33.33
2018-01-19 10:45:00,-179.9,-39.56
2018-01-19 11:00:00,-237.9,-101.11
2018-01-19 11:15:00,-231.7,-144.56
2018-01-19 11:30:00,-235.2,-160.56
2018-01-19 11:45:00,-445.6,-163.56
2018-01-19 12:00:00,-458.8,-165.0
2018-01-19 12:15:00,-347.9,-165.56
2018-01-19 12:30:00,-293.8,-158.44
2018-01-19 12:45:00,-304.0,-151.11
2018-01-19 13:00:00,-181.4,-153.33
2018-01-19 13:15:00,-206.5,-158.56
2018-01-19 13:30:00,-336.4,-158.78
2018-01-19 13:45:00,-307.7,-144.33
2018-01-19 14:00:00,-331.2,-136.11
2018-01-19 14:15:00,-249.0,-137.0
2018-01-19 14:30:00,-240.3,-120.22
2018-01-19 14:45:00,-212.5,-113.22
2018-01-19 15:00:00,-157.5,-94.11
2018-01-19 15:15:00,-227.6,-56.22
2018-01-19 15:30:00,-245.1,-36.56
2018-01-19 15:45:00,-218.5,-67.78
2018-01-19 16:00:00,-160.6,-67.67
2018-01-19 16:15:00,-111.0,-34.44
2018-01-19 16:30:00,-106.6,-17.22
2018-01-19 16:45:00,-134.5,-9.33
2018-01-19 17:00:00,-172.6,-3.33
2018-01-19 17:15:00,-402.2,-0.33
2018-01-19 17:30:00,-347.1,0.0
2018-01-19 17:45:00,-310.6,0.0
2018-01-19 18:00:00,-385.0,0.0
2018-01-19 18:15:00,-384.2,0.0
2018-01-19 18:30:00,-424.8,0.0
2018-01-19 18:45:00,-414.9,0.0
2018-01-19 19:00:00,-285.2,0.0
2018-01-19 19:15:00,-303.6,0.0
2018-01-19 19:30:00,-281.2,0.0
2018-01-19 19:45:00,-304.8,0.0
2018-01-19 20:00:00,-338.3,0.0
2018-01-19 20:15:00,-344.5,0.0
2018-01-19 20:30:00,-326.8,0.0
2018-01-19 20:45:00,-390.5,0.0
2018-01-19 21:00:00,-456.0,0.0
2018-01-19 21:15:00,-461.6,0.0
2018-01-19 21:30:00,-398.8,0.0
2018-01-19 21:45:00,-357.4,0.0
2018-01-19 22:00:00,-405.0,0.0
2018-01-19 22:15:00,-424.8,0.0
2018-01-19 22:30:00,-458.3,0.0
2018-01-19 22:45:00,-515.7,0.0
2018-01-19 23:00:00,-498.7,0.0
2018-01-19 23:15:00,-469.1,0.0
2018-01-19 23:30:00,-473.2,0.0
2018-01-19 23:45:00,-543.9,0.0
2018-01-20 00:00:00,-492.2,0.0
2018-01-20 00:15:00,-445.9,0.0
2018-01-20 00:30:00,-521.2,0.0
2018-01-20 00:45:00,-536.1,0.0
2018-01-20 01:00:00,-549.1,0.0
2018-01-20 01:15:00,-547.9,0.0
2018-01-20 01:30:00,-500.7,0.0
2018-01-20 01:45:00,-410.7,0.0
2018-01-20 02:00:00,-372.0,0.0
2018-01-20 02:15:00,-459.3,0.0
2018-01-20 02:30:00,-448.0,0.0
2018-01-20 02:45:00,-445.6,0.0
2018-01-20 03:00:00,-373.2,0.0
2018-01-20 03:15:00,-394.9,0.0
2018-01-20 03:30:00,-429.5,0.0
2018-01-20 03:45:00,-447.6,0.0
2018-01-20 04:00:00,-323.5,0.0
2018-01-20 04:15:00,-355.9,0.0
2018-01-20 04:30:00,-345.9,0.0
2018-01-20 04:45:00,-316.7,0.0
2018-01-20 05:00:00,-278.4,0.0
2018-01-20 05:15:00,-262.9,0.0
2018-01-20 05:30:00,-254.0,0.0
2018-01-20 05:45:00,-250.9,0.0
2018-01-20 06:00:00,-234.0,0.0
2018-01-20 06:15:00,-233.4,0.0
2018-01-20 06:30:00,-239.4,0.0
2018-01-20 06:45:00,-218.5,0.0
2018-01-20 07:00:00,-222.0,0.0
2018-01-20 07:15:00,-164.1,0.0
2018-01-20 07:30:00,-144.6,0.0
2018-01-20 07:45:00,-162.9,0.0
2018-01-20 08:00:00,-165.8,0.0
2018-01-20 08:15:00,-177.1,0.0
2018-01-20 08:30:00,-123.1,0.0
2018-01-20 08:45:00,-108.3,0.0
2018-01-20 09:00:00,-130.6,-3.44
2018-01-20 09:15:00,-120.6,-13.56
2018-01-20 09:30:00,-110.1,-39.44
2018-01-20 09:45:00,-92.7,-67.0
2018-01-20 10:00:00,-102.7,-69.0
2018-01-20 10:15:00,-70.6,-87.0
2018-01-20 10:30:00,-77.8,-112.0
2018-01-20 10:45:00,-51.9,-117.67
2018-01-20 11:00:00,-49.0,-129.22
2018-01-20 11:15:00,-45.5,-138.11
2018-01-20 11:30:00,-42.3,-145.11
2018-01-20 11:45:00,-27.2,-152.0
2018-01-20 12:00:00,-22.2,-152.56
2018-01-20 12:15:00,-12.8,-155.22
2018-01-20 12:30:00,-10.4,-157.11
2018-01-20 12:45:00,-9.3,-157.44
2018-01-20 13:00:00,-21.9,-156.44
2018-01-20 13:15:00,-12.3,-152.89
2018-01-20 13:30:00,-6.1,-151.56
2018-01-20 13:45:00,-1.4,-144.0
2018-01-20 14:00:00,0.0,-133.89
2018-01-20 14:15:00,0.0,-130.0
2018-01-20 14:30:00,0.0,-112.56
2018-01-20 14:45:00,0.0,-105.56
2018-01-20 15:00:00,0.0,-100.89
2018-01-20 15:15:00,0.0,-94.44
2018-01-20 15:30:00,0.0,-81.0
2018-01-20 15:45:00,0.0,-72.11
2018-01-20 16:00:00,0.0,-59.22
2018-01-20 16:15:00,0.0,-41.0
2018-01-20 16:30:00,0.0,-26.56
2018-01-20 16:45:00,0.0,-13.44
2018-01-20 17:00:00,0.0,-2.78
2018-01-20 17:15:00,0.0,-0.67
2018-01-20 17:30:00,-13.4,0.0
2018-01-20 17:45:00,-16.9,0.0
2018-01-20 18:00:00,-15.1,0.0
2018-01-20 18:15:00,-13.3,0.0
2018-01-20 18:30:00,-16.1,0.0
2018-01-20 18:45:00,-21.1,0.0
2018-01-20 19:00:00,-39.9,0.0
2018-01-20 19:15:00,-29.5,0.0
2018-01-20 19:30:00,-22.3,0.0
2018-01-20 19:45:00,-34.7,0.0
2018-01-20 20:00:00,-44.2,0.0
2018-01-20 20:15:00,-50.1,0.0
2018-01-20 20:30:00,-80.0,0.0
2018-01-20 20:45:00,-65.5,0.0
2018-01-20 21:00:00,-86.6,0.0
2018-01-20 21:15:00,-95.3,0.0
2018-01-20 21:30:00,-55.0,0.0
2018-01-20 21:45:00,-38.5,0.0
2018-01-20 22:00:00,-42.7,0.0
2018-01-20 22:15:00,-46.1,0.0
2018-01-20 22:30:00,-28.8,0.0
2018-01-20 22:45:00,-41.0,0.0
2018-01-20 23:00:00,-60.8,0.0
2018-01-20 23:15:00,-68.3,0.0
2018-01-20 23:30:00,-57.8,0.0
2018-01-20 23:45:00,-37.5,0.0
2018-01-21 00:00:00,-10.2,0.0
2018-01-21 00:15:00,-15.8,0.0
2018-01-21 00:30:00,-23.7,0.0
2018-01-21 00:45:00,-51.4,0.0
2018-01-21 01:00:00,-60.2,0.0
2018-01-21 01:15:00,-73.6,0.0
2018-01-21 01:30:00,-155.7,0.0
2018-01-21 01:45:00,-168.2,0.0
2018-01-21 02:00:00,-166.8,0.0
2018-01-21 02:15:00,-194.2,0.0
2018-01-21 02:30:00,-200.3,0.0
2018-01-21 02:45:00,-178.3,0.0
2018-01-21 03:00:00,-176.7,0.0
2018-01-21 03:15:00,-172.3,0.0
2018-01-21 03:30:00,-209.9,0.0
2018-01-21 03:45:00,-241.6,0.0
2018-01-21 04:00:00,-195.1,0.0
2018-01-21 04:15:00,-133.9,0.0
2018-01-21 04:30:00,-117.4,0.0
2018-01-21 04:45:00,-126.2,0.0
2018-01-21 05:00:00,-67.8,0.0
2018-01-21 05:15:00,-39.2,0.0
2018-01-21 05:30:00,-42.4,0.0
2018-01-21 05:45:00,-43.3,0.0
2018-01-21 06:00:00,-37.7,0.0
2018-01-21 06:15:00,-66.4,0.0
2018-01-21 06:30:00,-64.3,0.0
2018-01-21 06:45:00,-74.0,0.0
2018-01-21 07:00:00,-93.5,0.0
2018-01-21 07:15:00,-76.9,0.0
2018-01-21 07:30:00,-86.6,0.0
2018-01-21 07:45:00,-88.3,0.0
2018-01-21 08:00:00,-67.7,0.0
2018-01-21 08:15:00,-62.1,0.0
2018-01-21 08:30:00,-69.4,0.0
2018-01-21 08:45:00,-61.9,-0.33
2018-01-21 09:00:00,-51.9,-4.11
2018-01-21 09:15:00,-40.2,-15.67
2018-01-21 09:30:00,0.0,-48.0
2018-01-21 09:45:00,-16.2,-76.56
2018-01-21 10:00:00,-18.4,-95.33
2018-01-21 10:15:00,-7.8,-109.67
2018-01-21 10:30:00,-0.2,-119.33
2018-01-21 10:45:00,-2.3,-129.33
2018-01-21 11:00:00,-21.2,-137.22
2018-01-21 11:15:00,-31.3,-145.33
2018-01-21 11:30:00,-18.0,-149.56
2018-01-21 11:45:00,-33.5,-153.67
2018-01-21 12:00:00,-16.0,-158.33
2018-01-21 12:15:00,-15.8,-158.11
2018-01-21 12:30:00,-100.5,-158.22
2018-01-21 12:45:00,-237.9,-158.67
2018-01-21 13:00:00,-149.4,-157.0
2018-01-21 13:15:00,-133.3,-155.56
2018-01-21 13:30:00,-138.1,-151.67
2018-01-21 13:45:00,-149.6,-143.67
2018-01-21 14:00:00,-124.9,-127.67
2018-01-21 14:15:00,-163.6,-129.67
2018-01-21 14:30:00,-226.6,-118.33
2018-01-21 14:45:00,-245.1,-109.56
2018-01-21 15:00:00,-261.8,-94.11
2018-01-21 15:15:00,-297.5,-86.67
2018-01-21 15:30:00,-328.4,-70.78
2018-01-21 15:45:00,-369.8,-68.11
2018-01-21 16:00:00,-401.6,-61.0
2018-01-21 16:15:00,-401.3,-41.89
2018-01-21 16:30:00,-446.3,-27.78
2018-01-21 16:45:00,-515.8,-14.44
2018-01-21 17:00:00,-548.2,-3.11
2018-01-21 17:15:00,-548.5,-0.89
2018-01-21 17:30:00,-549.7,0.0
2018-01-21 17:45:00,-550.0,0.0
2018-01-21 18:00:00,-550.0,0.0
2018-01-21 18:15:00,-550.0,0.0
2018-01-21 18:30:00,-550.0,0.0
2018-01-21 18:45:00,-550.0,0.0
2018-01-21 19:00:00,-550.0,0.0
2018-01-21 19:15:00,-550.0,0.0
2018-01-21 19:30:00,-550.0,0.0
2018-01-21 19:45:00,-550.0,0.0
2018-01-21 20:00:00,-550.0,0.0
2018-01-21 20:15:00,-550.0,0.0
2018-01-21 20:30:00,-530.3,0.0
2018-01-21 20:45:00,-500.1,0.0
2018-01-21 21:00:00,-539.8,0.0
2018-01-21 21:15:00,-540.4,0.0
2018-01-21 21:30:00,-499.5,0.0
2018-01-21 21:45:00,-542.4,0.0
2018-01-21 22:00:00,-536.1,0.0
2018-01-21 22:15:00,-473.6,0.0
2018-01-21 22:30:00,-426.5,0.0
2018-01-21 22:45:00,-301.2,0.0
2018-01-21 23:00:00,-362.8,0.0
2018-01-21 23:15:00,-401.6,0.0
2018-01-21 23:30:00,-444.9,0.0
2018-01-21 23:45:00,-475.5,0.0
2018-01-22 00:00:00,-528.2,0.0
2018-01-22 00:15:00,-517.5,0.0
2018-01-22 00:30:00,-456.0,0.0
2018-01-22 00:45:00,-371.7,0.0
2018-01-22 01:00:00,-315.1,0.0
2018-01-22 01:15:00,-392.4,0.0
2018-01-22 01:30:00,-455.6,0.0
2018-01-22 01:45:00,-447.8,0.0
2018-01-22 02:00:00,-381.3,0.0
2018-01-22 02:15:00,-372.1,0.0
2018-01-22 02:30:00,-345.6,0.0
2018-01-22 02:45:00,-319.5,0.0
2018-01-22 03:00:00,-337.3,0.0
2018-01-22 03:15:00,-346.9,0.0
2018-01-22 03:30:00,-351.1,0.0
2018-01-22 03:45:00,-412.1,0.0
2018-01-22 04:00:00,-423.3,0.0
2018-01-22 04:15:00,-353.2,0.0
2018-01-22 04:30:00,-271.9,0.0
2018-01-22 04:45:00,-259.4,0.0
2018-01-22 05:00:00,-262.3,0.0
2018-01-22 05:15:00,-158.8,0.0
2018-01-22 05:30:00,-204.1,0.0
2018-01-22 05:45:00,-191.6,0.0
2018-01-22 06:00:00,-146.3,0.0
2018-01-22 06:15:00,-115.4,0.0
2018-01-22 06:30:00,-113.8,0.0
2018-01-22 06:45:00,-120.5,0.0
2018-01-22 07:00:00,-108.7,0.0
2018-01-22 07:15:00,-109.5,0.0
2018-01-22 07:30:00,-118.1,0.0
2018-01-22 07:45:00,-59.3,0.0
2018-01-22 08:00:00,-52.5,0.0
2018-01-22 08:15:00,-84.5,0.0
2018-01-22 08:30:00,-126.3,0.0
2018-01-22 08:45:00,-117.6,0.0
2018-01-22 09:00:00,-121.9,0.0
2018-01-22 09:15:00,-94.9,0.0
2018-01-22 09:30:00,-63.5,0.0
2018-01-22 09:45:00,-47.2,-1.0
2018-01-22 10:00:00,-61.0,-1.67
2018-01-22 10:15:00,-58.3,-2.44
2018-01-22 10:30:00,-61.4,-3.89
2018-01-22 10:45:00,-96.3,-7.67
2018-01-22 11:00:00,-102.1,-10.44
2018-01-22 11:15:00,-118.7,-12.11
2018-01-22 11:30:00,-134.3,-16.44
2018-01-22 11:45:00,-157.5,-14.89
2018-01-22 12:00:00,-170.2,-20.44
2018-01-22 12:15:00,-126.5,-19.89
2018-01-22 12:30:00,-197.2,-14.11
2018-01-22 12:45:00,-247.3,-14.78
2018-01-22 13:00:00,-248.8,-14.89
2018-01-22 13:15:00,-234.1,-16.78
2018-01-22 13:30:00,-228.7,-14.56
2018-01-22 13:45:00,-212.2,-13.67
2018-01-22 14:00:00,-241.7,-12.56
2018-01-22 14:15:00,-226.7,-13.56
2018-01-22 14:30:00,-242.3,-13.67
2018-01-22 14:45:00,-257.7,-12.33
2018-01-22 15:00:00,-133.2,-9.78
2018-01-22 15:15:00,-211.2,-9.44
2018-01-22 15:30:00,-216.7,-8.89
2018-01-22 15:45:00,-138.3,-10.89
2018-01-22 16:00:00,-251.4,-11.56
2018-01-22 16:15:00,-226.3,-19.89
2018-01-22 16:30:00,-195.5,-9.67
2018-01-22 16:45:00,-232.4,-2.67
2018-01-22 17:00:00,-196.6,-0.67
2018-01-22 17:15:00,-165.9,0.0
2018-01-22 17:30:00,-166.0,0.0
2018-01-22 17:45:00,-163.0,0.0
2018-01-22 18:00:00,-163.8,0.0
2018-01-22 18:15:00,-141.8,0.0
2018-01-22 18:30:00,-145.7,0.0
2018-01-22 18:45:00,-138.1,0.0
2018-01-22 19:00:00,-141.0,0.0
2018-01-22 19:15:00,-129.8,0.0
2018-01-22 19:30:00,-145.0,0.0
2018-01-22 19:45:00,-137.7,0.0
2018-01-22 20:00:00,-139.6,0.0
2018-01-22 20:15:00,-135.8,0.0
2018-01-22 20:30:00,-175.6,0.0
2018-01-22 20:45:00,-183.8,0.0
2018-01-22 21:00:00,-164.1,0.0
2018-01-22 21:15:00,-230.1,0.0
2018-01-22 21:30:00,-271.6,0.0
2018-01-22 21:45:00,-332.0,0.0
2018-01-22 22:00:00,-325.4,0.0
2018-01-22 22:15:00,-302.3,0.0
2018-01-22 22:30:00,-255.9,0.0
2018-01-22 22:45:00,-212.8,0.0
2018-01-22 23:00:00,-205.8,0.0
2018-01-22 23:15:00,-220.0,0.0
2018-01-22 23:30:00,-237.7,0.0
2018-01-22 23:45:00,-205.3,0.0
2018-01-23 00:00:00,-238.0,0.0
2018-01-23 00:15:00,-247.8,0.0
2018-01-23 00:30:00,-228.2,0.0
2018-01-23 00:45:00,-246.3,0.0
2018-01-23 01:00:00,-226.2,0.0
2018-01-23 01:15:00,-218.8,0.0
2018-01-23 01:30:00,-207.0,0.0
2018-01-23 01:45:00,-156.6,0.0
2018-01-23 02:00:00,-132.8,0.0
2018-01-23 02:15:00,-127.9,0.0
2018-01-23 02:30:00,-261.9,0.0
2018-01-23 02:45:00,-329.5,0.0
2018-01-23 03:00:00,-301.4,0.0
2018-01-23 03:15:00,-405.3,0.0
2018-01-23 03:30:00,-339.7,0.0
2018-01-23 03:45:00,-231.7,0.0
2018-01-23 04:00:00,-195.2,0.0
2018-01-23 04:15:00,-257.4,0.0
2018-01-23 04:30:00,-292.9,0.0
2018-01-23 04:45:00,-363.7,0.0
2018-01-23 05:00:00,-325.6,0.0
2018-01-23 05:15:00,-323.8,0.0
2018-01-23 05:30:00,-373.4,0.0
2018-01-23 05:45:00,-337.3,0.0
2018-01-23 06:00:00,-392.4,0.0
2018-01-23 06:15:00,-391.3,0.0
2018-01-23 06:30:00,-398.4,0.0
2018-01-23 06:45:00,-426.2,0.0
2018-01-23 07:00:00,-452.6,0.0
2018-01-23 07:15:00,-501.7,0.0
2018-01-23 07:30:00,-418.7,0.0
2018-01-23 07:45:00,-368.7,0.0
2018-01-23 08:00:00,-432.0,0.0
2018-01-23 08:15:00,-447.9,0.0
2018-01-23 08:30:00,-495.4,0.0
2018-01-23 08:45:00,-428.0,0.0
2018-01-23 09:00:00,-471.5,0.0
2018-01-23 09:15:00,-425.2,0.0
2018-01-23 09:30:00,-484.0,0.0
2018-01-23 09:45:00,-491.7,0.0
2018-01-23 10:00:00,-484.2,0.0
2018-01-23 10:15:00,-529.2,0.0
2018-01-23 10:30:00,-539.7,0.0
2018-01-23 10:45:00,-487.5,0.0
2018-01-23 11:00:00,-515.9,0.0
2018-01-23 11:15:00,-541.0,0.0
2018-01-23 11:30:00,-518.4,-1.44
2018-01-23 11:45:00,-541.6,-2.11
2018-01-23 12:00:00,-545.1,-2.89
2018-01-23 12:15:00,-530.6,-4.44
2018-01-23 12:30:00,-533.4,-8.67
2018-01-23 12:45:00,-526.6,-17.44
2018-01-23 13:00:00,-534.6,-19.67
2018-01-23 13:15:00,-539.9,-38.89
2018-01-23 13:30:00,-543.3,-23.22
2018-01-23 13:45:00,-549.8,-31.0
2018-01-23 14:00:00,-548.7,-44.44
2018-01-23 14:15:00,-547.7,-43.67
2018-01-23 14:30:00,-549.3,-58.56
2018-01-23 14:45:00,-548.7,-87.67
2018-01-23 15:00:00,-548.4,-37.89
2018-01-23 15:15:00,-548.0,-23.33
2018-01-23 15:30:00,-542.0,-61.67
2018-01-23 15:45:00,-533.0,-67.78
2018-01-23 16:00:00,-542.7,-55.56
2018-01-23 16:15:00,-526.0,-40.11
2018-01-23 16:30:00,-531.7,-23.56
2018-01-23 16:45:00,-547.0,-13.78
2018-01-23 17:00:00,-543.6,-5.44
2018-01-23 17:15:00,-541.5,-1.33
2018-01-23 17:30:00,-539.2,0.0
2018-01-23 17:45:00,-544.9,0.0
2018-01-23 18:00:00,-545.7,0.0
2018-01-23 18:15:00,-547.0,0.0
2018-01-23 18:30:00,-549.8,0.0
2018-01-23 18:45:00,-549.3,0.0
2018-01-23 19:00:00,-541.5,0.0
2018-01-23 19:15:00,-534.6,0.0
2018-01-23 19:30:00,-536.3,0.0
2018-01-23 19:45:00,-541.7,0.0
2018-01-23 20:00:00,-548.8,0.0
2018-01-23 20:15:00,-544.8,0.0
2018-01-23 20:30:00,-544.0,0.0
2018-01-23 20:45:00,-547.7,0.0
2018-01-23 21:00:00,-537.9,0.0
2018-01-23 21:15:00,-538.0,0.0
2018-01-23 21:30:00,-526.6,0.0
2018-01-23 21:45:00,-524.6,0.0
2018-01-23 22:00:00,-523.9,0.0
2018-01-23 22:15:00,-541.2,0.0
2018-01-23 22:30:00,-525.7,0.0
2018-01-23 22:45:00,-518.7,0.0
2018-01-23 23:00:00,-501.1,0.0
2018-01-23 23:15:00,-519.1,0.0
2018-01-23 23:30:00,-539.7,0.0
2018-01-23 23:45:00,-543.7,0.0
2018-01-24 00:00:00,-539.2,0.0
2018-01-24 00:15:00,-537.4,0.0
2018-01-24 00:30:00,-533.1,0.0
2018-01-24 00:45:00,-505.3,0.0
2018-01-24 01:00:00,-408.5,0.0
2018-01-24 01:15:00,-454.7,0.0
2018-01-24 01:30:00,-511.9,0.0
2018-01-24 01:45:00,-541.9,0.0
2018-01-24 02:00:00,-535.2,0.0
2018-01-24 02:15:00,-520.4,0.0
2018-01-24 02:30:00,-534.3,0.0
2018-01-24 02:45:00,-535.8,0.0
2018-01-24 03:00:00,-532.5,0.0
2018-01-24 03:15:00,-549.4,0.0
2018-01-24 03:30:00,-548.6,0.0
2018-01-24 03:45:00,-549.0,0.0
2018-01-24 04:00:00,-549.8,0.0
2018-01-24 04:15:00,-548.3,0.0
2018-01-24 04:30:00,-549.8,0.0
2018-01-24 04:45:00,-549.5,0.0
2018-01-24 05:00:00,-549.8,0.0
2018-01-24 05:15:00,-550.0,0.0
2018-01-24 05:30:00,-549.5,0.0
2018-01-24 05:45:00,-549.5,0.0
2018-01-24 06:00:00,-549.9,0.0
2018-01-24 06:15:00,-549.9,0.0
2018-01-24 06:30:00,-549.8,0.0
2018-01-24 06:45:00,-549.0,0.0
2018-01-24 07:00:00,-550.0,0.0
2018-01-24 07:15:00,-549.9,0.0
2018-01-24 07:30:00,-549.9,0.0
2018-01-24 07:45:00,-549.9,0.0
2018-01-24 08:00:00,-549.9,0.0
2018-01-24 08:15:00,-549.9,0.0
2018-01-24 08:30:00,-549.9,0.0
2018-01-24 08:45:00,-549.9,-0.11
2018-01-24 09:00:00,-549.9,-3.33
2018-01-24 09:15:00,-549.9,-16.56
2018-01-24 09:30:00,-549.9,-52.11
2018-01-24 09:45:00,-550.0,-39.0
2018-01-24 10:00:00,-550.0,-17.0
2018-01-24 10:15:00,-550.0,-18.67
2018-01-24 10:30:00,-550.0,-21.89
2018-01-24 10:45:00,-549.9,-26.22
2018-01-24 11:00:00,-549.9,-25.89
2018-01-24 11:15:00,-549.8,-27.67
2018-01-24 11:30:00,-549.8,-31.22
2018-01-24 11:45:00,-549.9,-29.11
2018-01-24 12:00:00,-549.9,-30.22
2018-01-24 12:15:00,-550.0,-34.89
2018-01-24 12:30:00,-549.9,-35.33
2018-01-24 12:45:00,-549.9,-30.78
2018-01-24 13:00:00,-550.0,-31.44
2018-01-24 13:15:00,-550.0,-41.0
2018-01-24 13:30:00,-550.0,-74.33
2018-01-24 13:45:00,-549.9,-102.78
2018-01-24 14:00:00,-549.9,-56.78
2018-01-24 14:15:00,-549.9,-44.22
2018-01-24 14:30:00,-550.0,-38.44
2018-01-24 14:45:00,-550.0,-36.78
2018-01-24 15:00:00,-549.9,-27.89
2018-01-24 15:15:00,-549.9,-26.56
2018-01-24 15:30:00,-549.9,-22.44
2018-01-24 15:45:00,-549.9,-19.89
2018-01-24 16:00:00,-550.0,-16.44
2018-01-24 16:15:00,-549.9,-11.11
2018-01-24 16:30:00,-549.9,-9.89
2018-01-24 16:45:00,-549.9,-7.22
2018-01-24 17:00:00,-549.6,-2.11
2018-01-24 17:15:00,-549.8,-0.22
2018-01-24 17:30:00,-549.9,0.0
2018-01-24 17:45:00,-549.9,0.0
2018-01-24 18:00:00,-549.9,0.0
2018-01-24 18:15:00,-549.8,0.0
2018-01-24 18:30:00,-549.9,0.0
2018-01-24 18:45:00,-549.9,0.0
2018-01-24 19:00:00,-549.6,0.0
2018-01-24 19:15:00,-549.9,0.0
2018-01-24 19:30:00,-458.5,0.0
2018-01-24 19:45:00,-260.4,0.0
2018-01-24 20:00:00,-201.1,0.0
2018-01-24 20:15:00,-161.2,0.0
2018-01-24 20:30:00,-188.6,0.0
2018-01-24 20:45:00,-205.0,0.0
2018-01-24 21:00:00,-196.4,0.0
2018-01-24 21:15:00,-179.1,0.0
2018-01-24 21:30:00,-151.2,0.0
2018-01-24 21:45:00,-160.1,0.0
2018-01-24 22:00:00,-173.0,0.0
2018-01-24 22:15:00,-214.6,0.0
2018-01-24 22:30:00,-233.3,0.0
2018-01-24 22:45:00,-266.5,0.0
2018-01-24 23:00:00,-221.8,0.0
2018-01-24 23:15:00,-212.4,0.0
2018-01-24 23:30:00,-223.8,0.0
2018-01-24 23:45:00,-158.0,0.0
2018-01-25 00:00:00,-217.5,0.0
2018-01-25 00:15:00,-216.2,0.0
2018-01-25 00:30:00,-230.4,0.0
2018-01-25 00:45:00,-280.8,0.0
2018-01-25 01:00:00,-210.7,0.0
2018-01-25 01:15:00,-216.6,0.0
2018-01-25 01:30:00,-192.4,0.0
2018-01-25 01:45:00,-232.9,0.0
2018-01-25 02:00:00,-219.1,0.0
2018-01-25 02:15:00,-221.4,0.0
2018-01-25 02:30:00,-267.8,0.0
2018-01-25 02:45:00,-237.2,0.0
2018-01-25 03:00:00,-241.4,0.0
2018-01-25 03:15:00,-357.5,0.0
2018-01-25 03:30:00,-402.0,0.0
2018-01-25 03:45:00,-280.0,0.0
2018-01-25 04:00:00,-223.2,0.0
2018-01-25 04:15:00,-255.0,0.0
2018-01-25 04:30:00,-307.9,0.0
2018-01-25 04:45:00,-365.2,0.0
2018-01-25 05:00:00,-374.5,0.0
2018-01-25 05:15:00,-326.0,0.0
2018-01-25 05:30:00,-289.3,0.0
2018-01-25 05:45:00,-242.7,0.0
2018-01-25 06:00:00,-207.9,0.0
2018-01-25 06:15:00,-239.3,0.0
2018-01-25 06:30:00,-275.0,0.0
2018-01-25 06:45:00,-304.8,0.0
2018-01-25 07:00:00,-356.4,0.0
2018-01-25 07:15:00,-381.9,0.0
2018-01-25 07:30:00,-393.0,0.0
2018-01-25 07:45:00,-359.2,0.0
2018-01-25 08:00:00,-341.5,0.0
2018-01-25 08:15:00,-287.5,0.0
2018-01-25 08:30:00,-252.1,0.0
2018-01-25 08:45:00,-198.4,0.0
2018-01-25 09:00:00,-176.5,-0.22
2018-01-25 09:15:00,-183.5,-0.11
2018-01-25 09:30:00,-166.4,-2.78
2018-01-25 09:45:00,-161.0,-5.11
2018-01-25 10:00:00,-185.8,-9.33
2018-01-25 10:15:00,-196.6,-7.44
2018-01-25 10:30:00,-207.7,-10.56
2018-01-25 10:45:00,-142.3,-17.22
2018-01-25 11:00:00,-126.9,-18.11
2018-01-25 11:15:00,-129.7,-16.11
2018-01-25 11:30:00,-148.9,-16.78
2018-01-25 11:45:00,-165.7,-24.33
2018-01-25 12:00:00,-150.3,-20.33
2018-01-25 12:15:00,-154.2,-19.11
2018-01-25 12:30:00,-127.4,-22.44
2018-01-25 12:45:00,-154.4,-27.33
2018-01-25 13:00:00,-130.1,-27.11
2018-01-25 13:15:00,-136.6,-22.56
2018-01-25 13:30:00,-147.4,-21.89
2018-01-25 13:45:00,-157.9,-24.11
2018-01-25 14:00:00,-148.8,-25.0
2018-01-25 14:15:00,-142.4,-17.33
2018-01-25 14:30:00,-136.1,-25.22
2018-01-25 14:45:00,-168.0,-16.78
2018-01-25 15:00:00,-172.2,-14.56
2018-01-25 15:15:00,-163.3,-11.33
2018-01-25 15:30:00,-175.3,-8.89
2018-01-25 15:45:00,-150.3,-7.44
2018-01-25 16:00:00,-156.7,-5.22
2018-01-25 16:15:00,-171.1,-5.0
2018-01-25 16:30:00,-153.5,-3.22
2018-01-25 16:45:00,-136.0,-1.33
2018-01-25 17:00:00,-160.9,0.0
2018-01-25 17:15:00,-188.0,0.0
2018-01-25 17:30:00,-220.5,0.0
2018-01-25 17:45:00,-254.7,0.0
2018-01-25 18:00:00,-223.2,0.0
2018-01-25 18:15:00,-230.1,0.0
2018-01-25 18:30:00,-208.0,0.0
2018-01-25 18:45:00,-193.6,0.0
2018-01-25 19:00:00,-174.9,0.0
2018-01-25 19:15:00,-157.9,0.0
2018-01-25 19:30:00,-218.3,0.0
2018-01-25 19:45:00,-242.2,0.0
2018-01-25 20:00:00,-246.2,0.0
2018-01-25 20:15:00,-180.5,0.0
2018-01-25 20:30:00,-171.8,0.0
2018-01-25 20:45:00,-199.7,0.0
2018-01-25 21:00:00,-244.5,0.0
2018-01-25 21:15:00,-242.6,0.0
2018-01-25 21:30:00,-229.0,0.0
2018-01-25 21:45:00,-212.4,0.0
2018-01-25 22:00:00,-217.4,0.0
2018-01-25 22:15:00,-254.6,0.0
2018-01-25 22:30:00,-280.8,0.0
2018-01-25 22:45:00,-285.1,0.0
2018-01-25 23:00:00,-247.8,0.0
2018-01-25 23:15:00,-272.9,0.0
2018-01-25 23:30:00,-300.8,0.0
2018-01-25 23:45:00,-331.8,0.0
2018-01-26 00:00:00,-292.1,0.0
2018-01-26 00:15:00,-262.9,0.0
2018-01-26 00:30:00,-242.6,0.0
2018-01-26 00:45:00,-248.9,0.0
2018-01-26 01:00:00,-271.7,0.0
2018-01-26 01:15:00,-256.2,0.0
2018-01-26 01:30:00,-288.1,0.0
2018-01-26 01:45:00,-286.5,0.0
2018-01-26 02:00:00,-294.0,0.0
2018-01-26 02:15:00,-266.7,0.0
2018-01-26 02:30:00,-268.4,0.0
2018-01-26 02:45:00,-258.2,0.0
2018-01-26 03:00:00,-227.1,0.0
2018-01-26 03:15:00,-251.8,0.0
2018-01-26 03:30:00,-289.3,0.0
2018-01-26 03:45:00,-257.1,0.0
2018-01-26 04:00:00,-152.4,0.0
2018-01-26 04:15:00,-128.9,0.0
2018-01-26 04:30:00,-127.0,0.0
2018-01-26 04:45:00,-103.1,0.0
2018-01-26 05:00:00,-60.7,0.0
2018-01-26 05:15:00,-35.2,0.0
2018-01-26 05:30:00,-82.5,0.0
2018-01-26 05:45:00,-87.5,0.0
2018-01-26 06:00:00,-116.9,0.0
2018-01-26 06:15:00,-96.0,0.0
2018-01-26 06:30:00,-102.1,0.0
2018-01-26 06:45:00,-117.4,0.0
2018-01-26 07:00:00,-145.5,0.0
2018-01-26 07:15:00,-125.5,0.0
2018-01-26 07:30:00,-161.9,0.0
2018-01-26 07:45:00,-179.6,0.0
2018-01-26 08:00:00,-124.2,0.0
2018-01-26 08:15:00,-109.2,0.0
2018-01-26 08:30:00,-105.1,0.0
2018-01-26 08:45:00,-114.9,0.0
2018-01-26 09:00:00,-116.2,-0.78
2018-01-26 09:15:00,-78.1,-4.11
2018-01-26 09:30:00,-40.9,-5.44
2018-01-26 09:45:00,-30.5,-4.67
2018-01-26 10:00:00,-18.2,-11.22
2018-01-26 10:15:00,-27.9,-11.56
2018-01-26 10:30:00,-27.7,-10.67
2018-01-26 10:45:00,-40.9,-13.78
2018-01-26 11:00:00,-41.8,-10.89
2018-01-26 11:15:00,-54.8,-17.44
2018-01-26 11:30:00,-33.7,-25.11
2018-01-26 11:45:00,-41.4,-15.89
2018-01-26 12:00:00,-29.0,-30.0
2018-01-26 12:15:00,-4.2,-15.89
2018-01-26 12:30:00,-13.1,-12.11
2018-01-26 12:45:00,-3.2,-11.89
2018-01-26 13:00:00,0.0,-13.56
2018-01-26 13:15:00,0.0,-15.22
2018-01-26 13:30:00,0.0,-23.11
2018-01-26 13:45:00,0.0,-23.33
2018-01-26 14:00:00,0.0,-12.11
2018-01-26 14:15:00,0.0,-7.11
2018-01-26 14:30:00,0.0,-16.67
2018-01-26 14:45:00,0.0,-19.22
2018-01-26 15:00:00,0.0,-11.78
2018-01-26 15:15:00,0.0,-10.0
2018-01-26 15:30:00,0.0,-9.33
2018-01-26 15:45:00,0.0,-8.22
2018-01-26 16:00:00,0.0,-4.67
2018-01-26 16:15:00,0.0,-3.56
2018-01-26 16:30:00,0.0,-1.56
2018-01-26 16:45:00,-8.8,-3.89
2018-01-26 17:00:00,-7.1,-0.67
2018-01-26 17:15:00,-10.4,0.0
2018-01-26 17:30:00,-4.9,0.0
2018-01-26 17:45:00,-4.2,0.0
2018-01-26 18:00:00,-3.5,0.0
2018-01-26 18:15:00,-9.8,0.0
2018-01-26 18:30:00,-18.1,0.0
2018-01-26 18:45:00,-38.2,0.0
2018-01-26 19:00:00,-65.4,0.0
2018-01-26 19:15:00,-70.8,0.0
2018-01-26 19:30:00,-83.1,0.0
2018-01-26 19:45:00,-70.4,0.0
2018-01-26 20:00:00,-29.2,0.0
2018-01-26 20:15:00,-37.7,0.0
2018-01-26 20:30:00,-21.2,0.0
2018-01-26 20:45:00,0.0,0.0
2018-01-26 21:00:00,0.0,0.0
2018-01-26 21:15:00,0.0,0.0
2018-01-26 21:30:00,0.0,0.0
2018-01-26 21:45:00,0.0,0.0
2018-01-26 22:00:00,0.0,0.0
2018-01-26 22:15:00,0.0,0.0
2018-01-26 22:30:00,0.0,0.0
2018-01-26 22:45:00,0.0,0.0
2018-01-26 23:00:00,0.0,0.0
2018-01-26 23:15:00,0.0,0.0
2018-01-26 23:30:00,0.0,0.0
2018-01-26 23:45:00,0.0,0.0
2018-01-27 00:00:00,0.0,0.0
2018-01-27 00:15:00,-11.5,0.0
2018-01-27 00:30:00,-13.4,0.0
2018-01-27 00:45:00,-3.1,0.0
2018-01-27 01:00:00,0.0,0.0
2018-01-27 01:15:00,0.0,0.0
2018-01-27 01:30:00,-2.7,0.0
2018-01-27 01:45:00,-2.0,0.0
2018-01-27 02:00:00,0.0,0.0
2018-01-27 02:15:00,-1.2,0.0
2018-01-27 02:30:00,0.0,0.0
2018-01-27 02:45:00,0.0,0.0
2018-01-27 03:00:00,0.0,0.0
2018-01-27 03:15:00,0.0,0.0
2018-01-27 03:30:00,0.0,0.0
2018-01-27 03:45:00,0.0,0.0
2018-01-27 04:00:00,-5.2,0.0
2018-01-27 04:15:00,-19.5,0.0
2018-01-27 04:30:00,-57.9,0.0
2018-01-27 04:45:00,-43.4,0.0
2018-01-27 05:00:00,-69.5,0.0
2018-01-27 05:15:00,-97.9,0.0
2018-01-27 05:30:00,-63.6,0.0
2018-01-27 05:45:00,-36.8,0.0
2018-01-27 06:00:00,-37.2,0.0
2018-01-27 06:15:00,-41.8,0.0
2018-01-27 06:30:00,-57.6,0.0
2018-01-27 06:45:00,-64.5,0.0
2018-01-27 07:00:00,-69.8,0.0
2018-01-27 07:15:00,-98.4,0.0
2018-01-27 07:30:00,-109.2,0.0
2018-01-27 07:45:00,-109.7,0.0
2018-01-27 08:00:00,-108.2,0.0
2018-01-27 08:15:00,-103.0,0.0
2018-01-27 08:30:00,-130.4,0.0
2018-01-27 08:45:00,-99.0,0.0
2018-01-27 09:00:00,-202.9,-0.67
2018-01-27 09:15:00,-154.4,-5.44
2018-01-27 09:30:00,-209.5,-5.44
2018-01-27 09:45:00,-219.9,-0.11
2018-01-27 10:00:00,-268.8,-0.33
2018-01-27 10:15:00,-295.3,-0.56
2018-01-27 10:30:00,-399.2,-3.78
2018-01-27 10:45:00,-309.5,-7.33
2018-01-27 11:00:00,-251.4,-5.89
2018-01-27 11:15:00,-285.1,-7.78
2018-01-27 11:30:00,-327.1,-5.0
2018-01-27 11:45:00,-257.5,-9.67
2018-01-27 12:00:00,-477.8,-4.78
2018-01-27 12:15:00,-507.0,-12.11
2018-01-27 12:30:00,-472.7,-12.78
2018-01-27 12:45:00,-482.6,-6.89
2018-01-27 13:00:00,-511.1,-5.44
2018-01-27 13:15:00,-451.6,-5.11
2018-01-27 13:30:00,-459.1,-6.89
2018-01-27 13:45:00,-495.5,-9.56
2018-01-27 14:00:00,-458.8,-16.0
2018-01-27 14:15:00,-415.6,-20.11
2018-01-27 14:30:00,-453.7,-11.89
2018-01-27 14:45:00,-496.4,-11.89
2018-01-27 15:00:00,-530.9,-12.33
2018-01-27 15:15:00,-546.5,-7.22
2018-01-27 15:30:00,-543.3,-10.44
2018-01-27 15:45:00,-542.8,-9.44
2018-01-27 16:00:00,-533.9,-7.56
2018-01-27 16:15:00,-539.6,-7.89
2018-01-27 16:30:00,-548.4,-2.67
2018-01-27 16:45:00,-549.2,-0.78
2018-01-27 17:00:00,-549.1,-2.0
2018-01-27 17:15:00,-549.4,-2.0
2018-01-27 17:30:00,-550.0,0.0
2018-01-27 17:45:00,-548.8,0.0
2018-01-27 18:00:00,-546.6,0.0
2018-01-27 18:15:00,-547.8,0.0
2018-01-27 18:30:00,-548.6,0.0
2018-01-27 18:45:00,-550.0,0.0
2018-01-27 19:00:00,-548.8,0.0
2018-01-27 19:15:00,-549.7,0.0
2018-01-27 19:30:00,-550.0,0.0
2018-01-27 19:45:00,-549.8,0.0
2018-01-27 20:00:00,-548.9,0.0
2018-01-27 20:15:00,-549.1,0.0
2018-01-27 20:30:00,-549.7,0.0
2018-01-27 20:45:00,-548.9,0.0
2018-01-27 21:00:00,-547.9,0.0
2018-01-27 21:15:00,-543.2,0.0
2018-01-27 21:30:00,-545.8,0.0
2018-01-27 21:45:00,-549.4,0.0
2018-01-27 22:00:00,-550.0,0.0
2018-01-27 22:15:00,-547.5,0.0
2018-01-27 22:30:00,-541.7,0.0
2018-01-27 22:45:00,-543.3,0.0
2018-01-27 23:00:00,-543.0,0.0
2018-01-27 23:15:00,-539.4,0.0
2018-01-27 23:30:00,-527.3,0.0
2018-01-27 23:45:00,-539.7,0.0
2018-01-28 00:00:00,-534.8,0.0
2018-01-28 00:15:00,-499.3,0.0
2018-01-28 00:30:00,-514.0,0.0
2018-01-28 00:45:00,-524.2,0.0
2018-01-28 01:00:00,-485.5,0.0
2018-01-28 01:15:00,-460.1,0.0
2018-01-28 01:30:00,-427.3,0.0
2018-01-28 01:45:00,-376.3,0.0
2018-01-28 02:00:00,-430.8,0.0
2018-01-28 02:15:00,-492.3,0.0
2018-01-28 02:30:00,-543.8,0.0
2018-01-28 02:45:00,-549.5,0.0
2018-01-28 03:00:00,-549.2,0.0
2018-01-28 03:15:00,-540.0,0.0
2018-01-28 03:30:00,-506.7,0.0
2018-01-28 03:45:00,-439.3,0.0
2018-01-28 04:00:00,-446.6,0.0
2018-01-28 04:15:00,-483.8,0.0
2018-01-28 04:30:00,-448.2,0.0
2018-01-28 04:45:00,-384.6,0.0
2018-01-28 05:00:00,-351.4,0.0
2018-01-28 05:15:00,-410.5,0.0
2018-01-28 05:30:00,-367.4,0.0
2018-01-28 05:45:00,-350.0,0.0
2018-01-28 06:00:00,-426.6,0.0
2018-01-28 06:15:00,-367.2,0.0
2018-01-28 06:30:00,-360.9,0.0
2018-01-28 06:45:00,-358.9,0.0
2018-01-28 07:00:00,-303.0,0.0
2018-01-28 07:15:00,-295.0,0.0
2018-01-28 07:30:00,-252.0,0.0
2018-01-28 07:45:00,-272.2,0.0
2018-01-28 08:00:00,-216.1,0.0
2018-01-28 08:15:00,-206.5,0.0
2018-01-28 08:30:00,-253.6,0.0
2018-01-28 08:45:00,-366.4,-0.11
2018-01-28 09:00:00,-374.4,-2.33
2018-01-28 09:15:00,-259.1,-4.67
2018-01-28 09:30:00,-347.8,-2.33
2018-01-28 09:45:00,-339.8,-3.22
2018-01-28 10:00:00,-312.4,-2.0
2018-01-28 10:15:00,-343.3,-6.56
2018-01-28 10:30:00,-298.0,-10.44
2018-01-28 10:45:00,-375.5,-38.22
2018-01-28 11:00:00,-394.0,-24.44
2018-01-28 11:15:00,-532.4,-21.89
2018-01-28 11:30:00,-486.0,-18.22
2018-01-28 11:45:00,-480.7,-40.78
2018-01-28 12:00:00,-482.2,-91.67
2018-01-28 12:15:00,-471.0,-51.78
2018-01-28 12:30:00,-429.3,-19.44
2018-01-28 12:45:00,-334.3,-17.33
2018-01-28 13:00:00,-392.4,-28.22
2018-01-28 13:15:00,-483.2,-28.67
2018-01-28 13:30:00,-439.3,-29.0
2018-01-28 13:45:00,-352.9,-64.11
2018-01-28 14:00:00,-409.9,-31.67
2018-01-28 14:15:00,-477.2,-29.0
2018-01-28 14:30:00,-421.9,-12.33
2018-01-28 14:45:00,-470.7,-15.78
2018-01-28 15:00:00,-495.2,-9.78
2018-01-28 15:15:00,-502.8,-11.89
2018-01-28 15:30:00,-494.6,-32.67
2018-01-28 15:45:00,-503.3,-10.11
2018-01-28 16:00:00,-518.9,-10.89
2018-01-28 16:15:00,-536.4,-12.33
2018-01-28 16:30:00,-531.8,-8.33
2018-01-28 16:45:00,-545.4,-7.44
2018-01-28 17:00:00,-523.6,-1.89
2018-01-28 17:15:00,-534.7,-0.56
2018-01-28 17:30:00,-528.0,0.0
2018-01-28 17:45:00,-489.1,0.0
2018-01-28 18:00:00,-457.7,0.0
2018-01-28 18:15:00,-479.7,0.0
2018-01-28 18:30:00,-439.9,0.0
2018-01-28 18:45:00,-353.6,0.0
2018-01-28 19:00:00,-322.1,0.0
2018-01-28 19:15:00,-301.7,0.0
2018-01-28 19:30:00,-288.6,0.0
2018-01-28 19:45:00,-252.2,0.0
2018-01-28 20:00:00,-239.0,0.0
2018-01-28 20:15:00,-330.6,0.0
2018-01-28 20:30:00,-342.4,0.0
2018-01-28 20:45:00,-328.0,0.0
2018-01-28 21:00:00,-293.1,0.0
2018-01-28 21:15:00,-261.4,0.0
2018-01-28 21:30:00,-279.1,0.0
2018-01-28 21:45:00,-406.1,0.0
2018-01-28 22:00:00,-475.5,0.0
2018-01-28 22:15:00,-496.4,0.0
2018-01-28 22:30:00,-342.3,0.0
2018-01-28 22:45:00,-316.1,0.0
2018-01-28 23:00:00,-321.9,0.0
2018-01-28 23:15:00,-346.0,0.0
2018-01-28 23:30:00,-337.8,0.0
2018-01-28 23:45:00,-428.4,0.0
2018-01-29 00:00:00,-461.6,0.0
2018-01-29 00:15:00,-478.6,0.0
2018-01-29 00:30:00,-472.7,0.0
2018-01-29 00:45:00,-513.1,0.0
2018-01-29 01:00:00,-502.0,0.0
2018-01-29 01:15:00,-493.5,0.0
2018-01-29 01:30:00,-423.8,0.0
2018-01-29 01:45:00,-427.7,0.0
2018-01-29 02:00:00,-478.7,0.0
2018-01-29 02:15:00,-504.4,0.0
2018-01-29 02:30:00,-525.9,0.0
2018-01-29 02:45:00,-497.3,0.0
2018-01-29 03:00:00,-477.0,0.0
2018-01-29 03:15:00,-411.0,0.0
2018-01-29 03:30:00,-518.2,0.0
2018-01-29 03:45:00,-476.2,0.0
2018-01-29 04:00:00,-522.1,0.0
2018-01-29 04:15:00,-528.8,0.0
2018-01-29 04:30:00,-541.2,0.0
2018-01-29 04:45:00,-538.0,0.0
2018-01-29 05:00:00,-493.7,0.0
2018-01-29 05:15:00,-433.7,0.0
2018-01-29 05:30:00,-400.8,0.0
2018-01-29 05:45:00,-525.5,0.0
2018-01-29 06:00:00,-548.5,0.0
2018-01-29 06:15:00,-540.4,0.0
2018-01-29 06:30:00,-547.2,0.0
2018-01-29 06:45:00,-547.0,0.0
2018-01-29 07:00:00,-545.2,0.0
2018-01-29 07:15:00,-548.5,0.0
2018-01-29 07:30:00,-545.9,0.0
2018-01-29 07:45:00,-547.2,0.0
2018-01-29 08:00:00,-550.0,0.0
2018-01-29 08:15:00,-549.3,0.0
2018-01-29 08:30:00,-550.0,-0.11
2018-01-29 08:45:00,-550.0,-1.89
2018-01-29 09:00:00,-548.9,-9.44
2018-01-29 09:15:00,-548.9,-17.11
2018-01-29 09:30:00,-549.6,-23.89
2018-01-29 09:45:00,-532.8,-49.22
2018-01-29 10:00:00,-506.8,-72.44
2018-01-29 10:15:00,-519.7,-80.11
2018-01-29 10:30:00,-544.1,-106.78
2018-01-29 10:45:00,-538.0,-137.78
2018-01-29 11:00:00,-547.3,-115.33
2018-01-29 11:15:00,-548.0,-87.44
2018-01-29 11:30:00,-546.0,-47.0
2018-01-29 11:45:00,-549.8,-60.11
2018-01-29 12:00:00,-546.4,-37.89
2018-01-29 12:15:00,-542.3,-53.78
2018-01-29 12:30:00,-541.6,-54.78
2018-01-29 12:45:00,-546.6,-25.22
2018-01-29 13:00:00,-549.7,-30.89
2018-01-29 13:15:00,-548.7,-50.44
2018-01-29 13:30:00,-548.2,-79.89
2018-01-29 13:45:00,-546.3,-30.89
2018-01-29 14:00:00,-546.3,-38.11
2018-01-29 14:15:00,-546.5,-84.0
2018-01-29 14:30:00,-549.7,-75.44
2018-01-29 14:45:00,-549.9,-41.78
2018-01-29 15:00:00,-548.1,-18.44
2018-01-29 15:15:00,-548.1,-12.67
2018-01-29 15:30:00,-549.2,-10.44
2018-01-29 15:45:00,-549.1,-12.89
2018-01-29 16:00:00,-549.9,-14.22
2018-01-29 16:15:00,-548.3,-17.78
2018-01-29 16:30:00,-538.1,-13.56
2018-01-29 16:45:00,-545.3,-7.78
2018-01-29 17:00:00,-546.2,-4.11
2018-01-29 17:15:00,-538.2,-0.67
2018-01-29 17:30:00,-527.0,0.0
2018-01-29 17:45:00,-504.4,0.0
2018-01-29 18:00:00,-377.0,0.0
2018-01-29 18:15:00,-234.9,0.0
2018-01-29 18:30:00,-131.4,0.0
2018-01-29 18:45:00,-151.8,0.0
2018-01-29 19:00:00,-195.3,0.0
2018-01-29 19:15:00,-143.6,0.0
2018-01-29 19:30:00,-149.8,0.0
2018-01-29 19:45:00,-110.5,0.0
2018-01-29 20:00:00,-97.8,0.0
2018-01-29 20:15:00,-100.4,0.0
2018-01-29 20:30:00,-109.9,0.0
2018-01-29 20:45:00,-93.7,0.0
2018-01-29 21:00:00,-86.8,0.0
2018-01-29 21:15:00,-105.0,0.0
2018-01-29 21:30:00,-85.3,0.0
2018-01-29 21:45:00,-79.5,0.0
2018-01-29 22:00:00,-83.0,0.0
2018-01-29 22:15:00,-90.4,0.0
2018-01-29 22:30:00,-113.6,0.0
2018-01-29 22:45:00,-70.1,0.0
2018-01-29 23:00:00,-41.6,0.0
2018-01-29 23:15:00,-61.7,0.0
2018-01-29 23:30:00,-60.9,0.0
2018-01-29 23:45:00,-46.9,0.0
2018-01-30 00:00:00,-35.7,0.0
2018-01-30 00:15:00,-24.6,0.0
2018-01-30 00:30:00,-29.0,0.0
2018-01-30 00:45:00,-24.8,0.0
2018-01-30 01:00:00,-18.3,0.0
2018-01-30 01:15:00,-15.5,0.0
2018-01-30 01:30:00,-9.9,0.0
2018-01-30 01:45:00,-19.3,0.0
2018-01-30 02:00:00,-18.4,0.0
2018-01-30 02:15:00,-13.7,0.0
2018-01-30 02:30:00,-29.3,0.0
2018-01-30 02:45:00,-23.3,0.0
2018-01-30 03:00:00,-14.0,0.0
2018-01-30 03:15:00,-7.9,0.0
2018-01-30 03:30:00,-9.6,0.0
2018-01-30 03:45:00,-9.8,0.0
2018-01-30 04:00:00,-7.0,0.0
2018-01-30 04:15:00,-3.8,0.0
2018-01-30 04:30:00,-2.0,0.0
2018-01-30 04:45:00,0.0,0.0
2018-01-30 05:00:00,0.0,0.0
2018-01-30 05:15:00,0.0,0.0
2018-01-30 05:30:00,0.0,0.0
2018-01-30 05:45:00,0.0,0.0
2018-01-30 06:00:00,0.0,0.0
2018-01-30 06:15:00,0.0,0.0
2018-01-30 06:30:00,0.0,0.0
2018-01-30 06:45:00,0.0,0.0
2018-01-30 07:00:00,0.0,0.0
2018-01-30 07:15:00,0.0,0.0
2018-01-30 07:30:00,0.0,0.0
2018-01-30 07:45:00,0.0,0.0
2018-01-30 08:00:00,0.0,0.0
2018-01-30 08:15:00,0.0,0.0
2018-01-30 08:30:00,0.0,0.0
2018-01-30 08:45:00,0.0,0.0
2018-01-30 09:00:00,0.0,0.0
2018-01-30 09:15:00,-6.3,0.0
2018-01-30 09:30:00,0.0,0.0
2018-01-30 09:45:00,0.0,0.0
2018-01-30 10:00:00,0.0,-0.67
2018-01-30 10:15:00,0.0,-1.11
2018-01-30 10:30:00,-5.2,-4.0
2018-01-30 10:45:00,0.0,-6.33
2018-01-30 11:00:00,-20.4,-8.56
2018-01-30 11:15:00,-18.5,-13.56
2018-01-30 11:30:00,-1.7,-16.78
2018-01-30 11:45:00,0.0,-14.22
2018-01-30 12:00:00,0.0,-29.78
2018-01-30 12:15:00,0.0,-41.78
2018-01-30 12:30:00,0.0,-64.56
2018-01-30 12:45:00,0.0,-90.22
2018-01-30 13:00:00,-4.0,-113.67
2018-01-30 13:15:00,-16.0,-74.89
2018-01-30 13:30:00,-13.7,-92.78
2018-01-30 13:45:00,-21.4,-120.44
2018-01-30 14:00:00,-21.4,-115.56
2018-01-30 14:15:00,-19.2,-130.0
2018-01-30 14:30:00,0.0,-121.33
2018-01-30 14:45:00,0.0,-120.11
2018-01-30 15:00:00,0.0,-105.89
2018-01-30 15:15:00,0.0,-107.56
2018-01-30 15:30:00,-8.0,-102.11
2018-01-30 15:45:00,-13.3,-83.0
2018-01-30 16:00:00,0.0,-75.0
2018-01-30 16:15:00,-0.4,-63.22
2018-01-30 16:30:00,-42.6,-45.11
2018-01-30 16:45:00,-52.3,-22.78
2018-01-30 17:00:00,-116.8,-6.89
2018-01-30 17:15:00,-139.8,-1.22
2018-01-30 17:30:00,-171.9,-0.33
2018-01-30 17:45:00,-183.0,0.0
2018-01-30 18:00:00,-200.5,0.0
2018-01-30 18:15:00,-229.0,0.0
2018-01-30 18:30:00,-250.8,0.0
2018-01-30 18:45:00,-282.1,0.0
2018-01-30 19:00:00,-278.1,0.0
2018-01-30 19:15:00,-249.5,0.0
2018-01-30 19:30:00,-192.1,0.0
2018-01-30 19:45:00,-112.9,0.0
2018-01-30 20:00:00,-89.8,0.0
2018-01-30 20:15:00,-117.1,0.0
2018-01-30 20:30:00,-167.7,0.0
2018-01-30 20:45:00,-189.6,0.0
2018-01-30 21:00:00,-265.6,0.0
2018-01-30 21:15:00,-304.4,0.0
2018-01-30 21:30:00,-389.4,0.0
2018-01-30 21:45:00,-466.6,0.0
2018-01-30 22:00:00,-478.6,0.0
2018-01-30 22:15:00,-439.7,0.0
2018-01-30 22:30:00,-450.9,0.0
2018-01-30 22:45:00,-490.1,0.0
2018-01-30 23:00:00,-495.6,0.0
2018-01-30 23:15:00,-533.4,0.0
2018-01-30 23:30:00,-549.2,0.0
2018-01-30 23:45:00,-546.3,0.0
2018-01-31 00:00:00,-537.8,0.0
2018-01-31 00:15:00,-537.6,0.0
2018-01-31 00:30:00,-533.9,0.0
2018-01-31 00:45:00,-542.9,0.0
2018-01-31 01:00:00,-541.1,0.0
2018-01-31 01:15:00,-546.8,0.0
2018-01-31 01:30:00,-546.8,0.0
2018-01-31 01:45:00,-534.1,0.0
2018-01-31 02:00:00,-547.8,0.0
2018-01-31 02:15:00,-549.2,0.0
2018-01-31 02:30:00,-549.9,0.0
2018-01-31 02:45:00,-549.9,0.0
2018-01-31 03:00:00,-550.0,0.0
2018-01-31 03:15:00,-550.0,0.0
2018-01-31 03:30:00,-550.0,0.0
2018-01-31 03:45:00,-550.0,0.0
2018-01-31 04:00:00,-549.9,0.0
2018-01-31 04:15:00,-550.0,0.0
2018-01-31 04:30:00,-549.4,0.0
2018-01-31 04:45:00,-549.5,0.0
2018-01-31 05:00:00,-549.9,0.0
2018-01-31 05:15:00,-549.9,0.0
2018-01-31 05:30:00,-547.9,0.0
2018-01-31 05:45:00,-549.8,0.0
2018-01-31 06:00:00,-548.8,0.0
2018-01-31 06:15:00,-550.0,0.0
2018-01-31 06:30:00,-550.0,0.0
2018-01-31 06:45:00,-550.0,0.0
2018-01-31 07:00:00,-550.0,0.0
2018-01-31 07:15:00,-549.9,0.0
2018-01-31 07:30:00,-549.9,0.0
2018-01-31 07:45:00,-550.0,0.0
2018-01-31 08:00:00,-549.7,0.0
2018-01-31 08:15:00,-549.7,0.0
2018-01-31 08:30:00,-550.0,0.0
2018-01-31 08:45:00,-546.8,0.0
2018-01-31 09:00:00,-545.0,-0.78
2018-01-31 09:15:00,-531.6,-2.33
2018-01-31 09:30:00,-512.2,-4.44
2018-01-31 09:45:00,-477.7,-7.0
2018-01-31 10:00:00,-530.3,-8.89
2018-01-31 10:15:00,-543.6,-11.33
2018-01-31 10:30:00,-549.4,-12.11
2018-01-31 10:45:00,-550.0,-13.67
2018-01-31 11:00:00,-541.5,-16.22
2018-01-31 11:15:00,-549.9,-19.44
2018-01-31 11:30:00,-541.9,-20.44
2018-01-31 11:45:00,-548.4,-21.78
2018-01-31 12:00:00,-549.3,-21.67
2018-01-31 12:15:00,-549.6,-21.78
2018-01-31 12:30:00,-550.0,-25.44
2018-01-31 12:45:00,-550.0,-25.33
2018-01-31 13:00:00,-549.6,-24.22
2018-01-31 13:15:00,-549.8,-25.67
2018-01-31 13:30:00,-550.0,-24.33
2018-01-31 13:45:00,-549.4,-20.33
2018-01-31 14:00:00,-547.5,-15.11
2018-01-31 14:15:00,-499.7,-16.22
2018-01-31 14:30:00,-513.3,-14.11
2018-01-31 14:45:00,-538.8,-11.44
2018-01-31 15:00:00,-295.5,-12.33
2018-01-31 15:15:00,-175.9,-15.78
2018-01-31 15:30:00,-150.2,-14.0
2018-01-31 15:45:00,-152.4,-9.78
2018-01-31 16:00:00,-254.3,-10.0
2018-01-31 16:15:00,-312.7,-23.22
2018-01-31 16:30:00,-226.3,-42.22
2018-01-31 16:45:00,-228.4,-30.89
2018-01-31 17:00:00,-380.2,-9.67
2018-01-31 17:15:00,-375.5,-5.0
2018-01-31 17:30:00,-486.5,-0.44
2018-01-31 17:45:00,-476.7,0.0
2018-01-31 18:00:00,-391.7,0.0
2018-01-31 18:15:00,-342.0,0.0
2018-01-31 18:30:00,-303.9,0.0
2018-01-31 18:45:00,-319.0,0.0
2018-01-31 19:00:00,-263.2,0.0
2018-01-31 19:15:00,-197.9,0.0
2018-01-31 19:30:00,-154.5,0.0
2018-01-31 19:45:00,-225.8,0.0
2018-01-31 20:00:00,-225.8,0.0
2018-01-31 20:15:00,-200.2,0.0
2018-01-31 20:30:00,-233.7,0.0
2018-01-31 20:45:00,-228.9,0.0
2018-01-31 21:00:00,-280.0,0.0
2018-01-31 21:15:00,-327.4,0.0
2018-01-31 21:30:00,-312.8,0.0
2018-01-31 21:45:00,-274.2,0.0
2018-01-31 22:00:00,-283.3,0.0
2018-01-31 22:15:00,-422.5,0.0
2018-01-31 22:30:00,-402.5,0.0
2018-01-31 22:45:00,-356.5,0.0
2018-01-31 23:00:00,-281.1,0.0
2018-01-31 23:15:00,-262.2,0.0
2018-01-31 23:30:00,-299.6,0.0
2018-01-31 23:45:00,-295.8,0.0
